{
  "O=C(CCCCCCC(=O)NO)NO": -3.54443538411945,
  "CNCC(=O)CCCCCCCOC": -3.12446108283394,
  "CCC(C)CC[CH]CCC[C@@H](O)CO": -3.12676991517962,
  "CC(CO)CCCCCCC(=O)CO": -3.31697229619396,
  "CCCCCC(=O)CC(=O)OCCN": -3.74272759783307,
  "CCOC(=O)CCCCCC(=O)OC": -2.90880914005128,
  "CNC(=O)C[CH]CCCCC(=O)OC": -3.20532883202719
}