{
  "scores": [
    -6.109333333333333,
    -6.4281999999999995,
    -6.824800000000001,
    -6.8727,
    -7.4612,
    -7.7119,
    -7.605500000000001,
    -7.4700999999999995,
    -7.6979000000000015,
    -7.685400000000001,
    -7.7387999999999995,
    -7.5230999999999995,
    -7.7476,
    -7.8239,
    -7.9557,
    -7.9256,
    -8.0711,
    -7.9941,
    -8.1265,
    -8.061300000000001,
    -8.148,
    -8.0955,
    -8.0466,
    -8.0856,
    -8.1295,
    -8.1154,
    -7.995899999999999,
    -8.081199999999999,
    -8.124699999999999,
    -8.138100000000001
  ],
  "qeds": [
    0.6209187239711397,
    0.6938424058293416,
    0.6711033764303477,
    0.6452150659855761,
    0.7075630069335954,
    0.6787168898291842,
    0.6724171227125314,
    0.6295363175463151,
    0.6286888928442624,
    0.647799791307646,
    0.5966867149214197,
    0.6446962829834535,
    0.6130984212369825,
    0.6607549586703801,
    0.6168152803064287,
    0.6546750782321509,
    0.6572006827323439,
    0.6857636108990167,
    0.6919097189024251,
    0.7056938647375259,
    0.6529559245489691,
    0.7132204242588099,
    0.6739666896783383,
    0.7420209309624854,
    0.6768206294669317,
    0.6393943193216409,
    0.6405391770010036,
    0.6852652224973526,
    0.751935380163681,
    0.7460393947315368
  ],
  "sas": [
    2.023648216708011,
    2.228917612035218,
    2.2621736253673403,
    2.3615194134697624,
    2.3691752516185653,
    2.2459642038647933,
    2.1923486382632915,
    2.378958521034393,
    2.3862102463259722,
    2.5483943497896813,
    2.5182963331802695,
    2.4205014486864904,
    2.6243709284514183,
    2.691273637848549,
    2.4013039445056577,
    2.5012027377739203,
    2.4502960151607036,
    2.5628176174432378,
    2.4575620617187335,
    2.482748703237905,
    2.556380488259979,
    2.4470076254055826,
    2.3399439560596216,
    2.4781624183119506,
    2.4152091407460787,
    2.493065085470494,
    2.59046521344307,
    2.5698774003648395,
    2.651243384423972,
    2.533606473688822
  ],
  "sims": [
    0.5211064345646725,
    0.30329430470581886,
    0.266290843142111,
    0.15200432877678732,
    0.18958245392844458,
    0.1592336297286713,
    0.1789006790111559,
    0.2152837988542624,
    0.2118173742079994,
    0.25526100950362396,
    0.2609282749025858,
    0.2672798577160758,
    0.2655873107028081,
    0.2853474772999201,
    0.24487246346489133,
    0.2687078875971057,
    0.2506479931556592,
    0.24126468492269612,
    0.2685535992843694,
    0.28356114954379785,
    0.2390594278090044,
    0.25772571089508434,
    0.2451690103393612,
    0.24818049513448953,
    0.22776198311067875,
    0.22499181694715883,
    0.225485082638944,
    0.20305980491026782,
    0.2353293000140968,
    0.21641296996108586
  ],
  "times": [
    10,
    15,
    45,
    94,
    171,
    171,
    178,
    174,
    176,
    185,
    168,
    172,
    181,
    163,
    166,
    152,
    151,
    143,
    148,
    147,
    150,
    143,
    136,
    137,
    144,
    143,
    140,
    147,
    139,
    143
  ]
}