{
  "scores": [
    -3.7883843636703767,
    -4.035465537183257,
    -5.201721570874905,
    -6.874829620844315,
    -7.632943127729355,
    -7.5589597150704035,
    -7.907340298069522,
    -8.279669152576462,
    -8.188885492770986,
    -8.330207579137081,
    -8.357872440959966,
    -8.216366734670157,
    -8.311615674265877,
    -8.40837641782414,
    -8.526478578792087,
    -8.900794771541142,
    -9.080202747172944,
    -9.104998039743224,
    -9.188524069913502,
    -9.284831791765928,
    -9.41535313881042,
    -9.464047890338524,
    -9.401283183981324,
    -9.396949055064654,
    -9.550079514281428,
    -9.522874902768939,
    -9.771489131836985,
    -9.703868521474586,
    -9.533281870418032,
    -9.6176045825392
  ],
  "qeds": [
    0.6547694080869627,
    0.6107431616277543,
    0.6441475894410632,
    0.612751929508224,
    0.6276369798097642,
    0.686910291410501,
    0.6859544958423183,
    0.7037712520527202,
    0.7223217124578658,
    0.7067327752595463,
    0.6348432821016519,
    0.6369444468337832,
    0.7105244305853653,
    0.7324129139566338,
    0.7179760532179487,
    0.7377362683272971,
    0.6782775291712718,
    0.6711637974443999,
    0.6611398004366791,
    0.651644233121715,
    0.63599467110316,
    0.6142683447960859,
    0.6363948592068993,
    0.5933219953860208,
    0.6306554797784619,
    0.6277230155772219,
    0.631287029405512,
    0.6311656726061947,
    0.6316317455780582,
    0.6190045423214003
  ],
  "sas": [
    1.9256151972251718,
    2.2248103157603216,
    2.4971242756337206,
    2.3191330184944183,
    2.611686273467155,
    2.4721417701039163,
    2.534299736756682,
    2.4149128771530406,
    2.1172889540809066,
    2.4488553553075607,
    2.4481152916754043,
    2.44406390705564,
    2.2992745926425187,
    2.2598821274178973,
    2.3024803525475224,
    2.285551861396573,
    2.264847861608467,
    2.404758714668909,
    2.5010800164440576,
    2.5616170690981237,
    2.576426399524782,
    2.6163468841315107,
    2.6410825184171074,
    2.625115637745833,
    2.6332025016511578,
    2.679289602242874,
    2.677314471177341,
    2.6215127975091463,
    2.6366984779825193,
    2.7437555194026375
  ],
  "sims": [
    0.5263755658883738,
    0.38088817602174324,
    0.21534908935419236,
    0.1868233713240479,
    0.14316235891559087,
    0.1595767945882575,
    0.17500225088602597,
    0.2092364245934797,
    0.2095256698402507,
    0.17303368697844487,
    0.2041005904236688,
    0.20789281783385777,
    0.2459254447838557,
    0.24851654551491112,
    0.25759136596037385,
    0.2565101451875265,
    0.2567504471022516,
    0.2765442750913702,
    0.26505888828650537,
    0.24100185431322746,
    0.2326822176848896,
    0.20911893776785773,
    0.20537453667475347,
    0.19793476286105033,
    0.19653811622778355,
    0.21064906373403378,
    0.19395006178531046,
    0.19868100432719826,
    0.20364537286056858,
    0.1960070273244114
  ],
  "times": [
    2,
    78,
    164,
    158,
    232,
    358,
    385,
    370,
    234,
    366,
    362,
    359,
    360,
    433,
    512,
    475,
    292,
    223,
    352,
    213,
    264,
    337,
    660,
    278,
    296,
    272,
    279,
    573,
    483,
    193
  ]
}