{
  "scores": [
    -6.076666666666667,
    -6.151624999999999,
    -6.6263000000000005,
    -7.0408,
    -7.145599999999999,
    -7.2173,
    -7.3554,
    -7.475199999999999,
    -7.3867,
    -7.380599999999999,
    -7.385399999999999,
    -7.4774,
    -7.567100000000001,
    -7.678099999999999,
    -7.6013,
    -7.7405,
    -7.824300000000001,
    -7.793000000000001,
    -7.822,
    -7.8277,
    -7.905199999999999,
    -7.9378,
    -8.015699999999999,
    -8.039,
    -8.036,
    -8.0362,
    -7.994299999999998,
    -8.1108,
    -8.180000000000001,
    -8.211099999999998
  ],
  "qeds": [
    0.6992203024499024,
    0.6728773924953714,
    0.6132298213818255,
    0.6416760748341543,
    0.6371282421743567,
    0.5836157338286083,
    0.5652181362525387,
    0.5282838888271231,
    0.6020249410529414,
    0.5687013314172181,
    0.5477915110933547,
    0.5286578453375741,
    0.45874628995952155,
    0.4251274931458099,
    0.5611830995114444,
    0.5296194925029457,
    0.49975796729825206,
    0.5069326209402024,
    0.46058314706219355,
    0.4702380662927471,
    0.46405757025664024,
    0.45925805815843007,
    0.4474043250872851,
    0.432988252192313,
    0.47334382345237247,
    0.5112194236482022,
    0.4922157074232352,
    0.4632730087997195,
    0.46841403199409515,
    0.4837887055114988
  ],
  "sas": [
    2.0017025798393173,
    2.387057241436326,
    2.4609456808184262,
    2.2684285330183926,
    2.056969058039924,
    2.2733341827445437,
    2.4132994703295845,
    2.3993151908354937,
    2.4183530392404577,
    2.4812911243795512,
    2.6171780306388284,
    2.4881583912300025,
    2.497870763571634,
    2.7506595302683614,
    2.411065018306956,
    2.6848287887356124,
    2.6679867963562733,
    2.6743854941572325,
    2.650928954544228,
    2.768090120733838,
    2.76741828923391,
    2.757215557850634,
    2.8891030602444547,
    2.7841527529680654,
    2.698675677496367,
    2.7455476778657477,
    2.6270879522535404,
    2.6602257959045987,
    2.7562450941395333,
    2.72219294813097
  ],
  "sims": [
    0.5139851192500672,
    0.3110144752723648,
    0.2384975450708097,
    0.24919569080720078,
    0.2504161527187928,
    0.28145958146296285,
    0.27612266792666296,
    0.24977366933506223,
    0.2426541478651581,
    0.3186097266675595,
    0.31157190839588933,
    0.2890090000591377,
    0.26410684483923375,
    0.21354352612014438,
    0.24866207159179488,
    0.21187833386509944,
    0.28506765964772246,
    0.3182120694587668,
    0.30496635482106915,
    0.37406008781464745,
    0.41514007667858877,
    0.39757485382155067,
    0.3515135691774045,
    0.3814660643199779,
    0.40390933436345333,
    0.41536922763495976,
    0.43520201480800946,
    0.42592595445587467,
    0.3801161053096872,
    0.3765957354303868
  ],
  "times": [
    10,
    32,
    165,
    355,
    707,
    837,
    933,
    813,
    785,
    1005,
    1013,
    1057,
    1195,
    1244,
    1103,
    1225,
    1180,
    1300,
    1275,
    1240,
    1391,
    1214,
    1376,
    1561,
    1205,
    1110,
    1217,
    1156,
    1254,
    1161
  ]
}