{
  "scores": [
    -6.192333333333333,
    -6.2040999999999995,
    -6.678399999999999,
    -7.0054,
    -7.0714,
    -7.4447,
    -7.3458,
    -7.334100000000001,
    -7.6213999999999995,
    -7.832499999999999,
    -7.8351,
    -7.8138000000000005,
    -7.799199999999999,
    -7.8976,
    -7.817099999999999,
    -7.820499999999998,
    -7.8728,
    -7.8538999999999985,
    -7.9114,
    -7.906000000000001,
    -8.017700000000001,
    -7.9716,
    -8.0139,
    -8.0375,
    -8.1865,
    -8.1311,
    -8.044300000000002,
    -8.119700000000002,
    -8.152,
    -8.0303
  ],
  "qeds": [
    0.7161400641200659,
    0.6654390743554653,
    0.6590442895844226,
    0.6697526181926017,
    0.6504274742350071,
    0.7033634499111444,
    0.6947985243864505,
    0.6952655302637829,
    0.6391637965241979,
    0.6612754492851802,
    0.6416317654149407,
    0.6326473834537399,
    0.6396426119215564,
    0.6365778732776382,
    0.6145389878340559,
    0.6243970829762031,
    0.6407548764793689,
    0.6376392739691754,
    0.6365440282601508,
    0.6328911315828417,
    0.6453097355641683,
    0.6193756701769727,
    0.6415806410823778,
    0.6245130647377595,
    0.6604984814972278,
    0.6560257286464372,
    0.6489873677127267,
    0.6332462050591225,
    0.6284663562424002,
    0.6331772141440452
  ],
  "sas": [
    1.9699108875316245,
    1.9347586584496614,
    1.9792961206872526,
    2.2310062531760257,
    2.4161757826259076,
    2.351274098793399,
    2.1942949459987453,
    2.4991766512212923,
    2.44941951592791,
    2.5720780911285397,
    2.596031766536901,
    2.6236089149381536,
    2.5733685960327195,
    2.475688672191776,
    2.3703309353870745,
    2.3957535580217355,
    2.5775253258424167,
    2.383781150142206,
    2.523000557676404,
    2.424623358276776,
    2.3169057423016204,
    2.2288289272453135,
    2.509095982798873,
    2.342865542629929,
    2.4431072192533705,
    2.490240757714909,
    2.4657918346379857,
    2.3767481423302934,
    2.3767444500226014,
    2.3753656807918317
  ],
  "sims": [
    0.45958852822982776,
    0.32765345703366705,
    0.3425287068642565,
    0.22542457532592658,
    0.19444047669235773,
    0.18469644849956768,
    0.17902213266152434,
    0.17334983798230155,
    0.23341061885427933,
    0.2766855004875929,
    0.28862942476310866,
    0.2859702026923472,
    0.29634131023513455,
    0.3137103882947138,
    0.32961326394233825,
    0.3230843421684074,
    0.31070696244105056,
    0.3154534085594132,
    0.3225212106049957,
    0.31923064012278457,
    0.309983369347155,
    0.31567147197655404,
    0.3025265626266736,
    0.32257013648396676,
    0.25186249585734405,
    0.26228208882073833,
    0.2853808391502138,
    0.3107486884061165,
    0.3214248111135493,
    0.3390427039867135
  ],
  "times": [
    2,
    12,
    36,
    61,
    101,
    138,
    186,
    142,
    142,
    144,
    144,
    142,
    144,
    142,
    143,
    133,
    140,
    142,
    138,
    140,
    137,
    140,
    144,
    137,
    144,
    203,
    174,
    141,
    145,
    142
  ]
}