{
  "scores": [
    -4.223104089220575,
    -5.020888118159429,
    -6.330030512843914,
    -7.803520997099255,
    -8.634552517652109,
    -9.485992956052234,
    -9.345398826090607,
    -9.074517144609361,
    -8.898867391906743,
    -9.171838575898104,
    -9.271413832005006,
    -9.255760228819216,
    -9.16374510812955,
    -9.168503776506652,
    -9.395528602115537,
    -9.252165844874195,
    -9.186334995484517,
    -9.51556132294047,
    -9.483257449181451,
    -9.722955049313535,
    -9.880632667858391,
    -9.807989275292812,
    -9.82987863250642,
    -9.851118666691885,
    -10.014777180006458,
    -10.087918548015255,
    -10.121566608285613,
    -10.064082446998365,
    -10.02048098463604,
    -10.02048098463604
  ],
  "qeds": [
    0.5969839670587838,
    0.6637932458825128,
    0.6932876976393492,
    0.7753784226669472,
    0.7577106651452669,
    0.6744017012002432,
    0.7122862686777165,
    0.725091367203106,
    0.7523486545040574,
    0.699138323870711,
    0.7285034959877004,
    0.7550184960026349,
    0.7107400316584038,
    0.7296441994431527,
    0.7773523868046425,
    0.7809834329380194,
    0.7601872588412897,
    0.7075415979145487,
    0.7277282265620588,
    0.736670533045547,
    0.7624043795784639,
    0.7555928601615685,
    0.7468896585382653,
    0.7633850416738815,
    0.7156564055360755,
    0.7324061854717088,
    0.6852087523769101,
    0.7372231310428968,
    0.7186310395395064,
    0.7186310395395064
  ],
  "sas": [
    1.80981473568671,
    2.0117295886806548,
    2.2732022051636824,
    2.536547845241224,
    2.4409831572685023,
    2.371463668809577,
    2.5515410267156824,
    2.471750289114361,
    2.3587644867592648,
    2.6263609616919625,
    2.508491051520216,
    2.412512224973997,
    2.4090710909742534,
    2.421597388727683,
    2.567218855510874,
    2.4992525380470334,
    2.4634981418664452,
    2.611964526063429,
    2.6760492319546207,
    2.743758155885275,
    2.7666421934523417,
    2.7889715526342607,
    2.834638349388478,
    2.79660014900332,
    2.8329480699899356,
    2.826689603115709,
    2.8323635525074176,
    2.693199703377824,
    2.8340949727316365,
    2.8340949727316365
  ],
  "sims": [
    0.7880434782608696,
    0.4059439039178247,
    0.24475859294610194,
    0.1569106186398654,
    0.18317141644915957,
    0.15773805678273056,
    0.11493786462839192,
    0.1464203268868151,
    0.18274748038129443,
    0.12288579137481093,
    0.18336482400659307,
    0.17300478272818104,
    0.22817992822293132,
    0.25759731134124364,
    0.2887702600335512,
    0.26405600309047206,
    0.27236847668662983,
    0.21583137276756706,
    0.2149041812219099,
    0.1845069171419385,
    0.2396558793426018,
    0.26832787926383095,
    0.28141654596563515,
    0.2602392757290149,
    0.25554043760415895,
    0.22381996278183927,
    0.22848108810153236,
    0.22752552192857492,
    0.23329894944113289,
    0.23329894944113289
  ],
  "times": [
    2,
    65,
    152,
    446,
    715,
    805,
    950,
    821,
    885,
    729,
    767,
    770,
    753,
    852,
    767,
    833,
    722,
    641,
    633,
    682,
    732,
    655,
    721,
    543,
    557,
    550,
    592,
    617,
    505,
    415
  ]
}