{
  "scores": [
    -4.7297561649410325,
    -4.7604443877250935,
    -7.081834832445471,
    -7.707498291343709,
    -8.267141624706364,
    -8.514979868658452,
    -8.836605434284653,
    -9.384503357910589,
    -9.499706850490186,
    -9.531196161670694,
    -9.525707406679286,
    -9.4853913250754,
    -9.33936502188158,
    -9.559500349840073,
    -9.780467543115739,
    -9.415213373495746,
    -9.566357698422019,
    -9.421729590194904,
    -9.639768558177932,
    -9.05299706046458,
    -8.945801433444338,
    -9.278299963149138,
    -9.572920448089567,
    -9.523833274309151,
    -9.365299364510548,
    -9.668972406257014,
    -9.400054197191674,
    -9.348765190950644,
    -9.063989748509908,
    -8.912996993093499
  ],
  "qeds": [
    0.6794060306863767,
    0.6556402432097659,
    0.7103036862190355,
    0.738706428923733,
    0.7059127813040651,
    0.7461193483009623,
    0.7927207006786086,
    0.7480224896232092,
    0.7704840952519526,
    0.8027614639108382,
    0.7628018030972054,
    0.7998195494802403,
    0.7736518889074068,
    0.7944731271595996,
    0.7675161285918813,
    0.7673323999155244,
    0.7224803576259698,
    0.7781795240924277,
    0.7723738150456176,
    0.73280061617559,
    0.7318503653082875,
    0.7590367377621368,
    0.7160415746788764,
    0.7568149170776589,
    0.7156282987897644,
    0.6880666117551477,
    0.7015994875757197,
    0.7382177573167421,
    0.655519026781603,
    0.7234016732982895
  ],
  "sas": [
    2.1621167403962867,
    2.3807718370604465,
    2.5403982853874183,
    2.7305265139560895,
    2.6020116881376203,
    2.6767250865751766,
    2.416057302379559,
    2.4280186223194224,
    2.4021938453298874,
    2.2565155823972334,
    2.376270490248745,
    2.318477257458165,
    2.442360766475518,
    2.5414721134497116,
    2.4830942775893794,
    2.4892780600356557,
    2.396029616797852,
    2.4050308670217135,
    2.5448417764945788,
    2.3213931538785166,
    2.6286398742652555,
    2.7767786085263237,
    2.5883986941684314,
    2.5542197345415882,
    2.5463867631803287,
    2.5285617265459344,
    2.836152553298721,
    2.7606616254341794,
    2.719096576969894,
    2.5105817392514416
  ],
  "sims": [
    0.4507982719266537,
    0.3648305305072933,
    0.288413068423225,
    0.24966431864704325,
    0.17468803990370552,
    0.1811624953540158,
    0.1700646427933134,
    0.13063743273293932,
    0.13100463223588837,
    0.13630869833577927,
    0.12943702966938886,
    0.13551071735383274,
    0.14804353318763924,
    0.14210615437081642,
    0.1396936201712869,
    0.14611169493541004,
    0.14339200088251777,
    0.14046954122272895,
    0.12385264584655278,
    0.16807736727605566,
    0.22237119237460717,
    0.15225016975591393,
    0.14534621104216253,
    0.1519691185963804,
    0.16900894988537857,
    0.13608506955643873,
    0.1512267050378656,
    0.16382229119387717,
    0.1601023725723634,
    0.24134276008274552
  ],
  "times": [
    59,
    78,
    291,
    578,
    976,
    1178,
    973,
    1085,
    1151,
    1069,
    924,
    856,
    908,
    806,
    823,
    584,
    618,
    662,
    786,
    710,
    664,
    760,
    915,
    881,
    887,
    818,
    814,
    868,
    772,
    601
  ]
}