{
  "scores": [
    -6.37425,
    -6.2179,
    -6.989,
    -7.2024,
    -7.504200000000002,
    -7.847200000000001,
    -7.9083,
    -7.9734,
    -7.942900000000002,
    -8.0509,
    -8.075099999999999,
    -8.165199999999999,
    -8.254999999999999,
    -8.280399999999998,
    -8.207600000000001,
    -8.1209,
    -8.151600000000002,
    -8.252100000000002,
    -8.199099999999998,
    -8.2618,
    -8.2247,
    -8.0459,
    -8.217299999999998,
    -8.265899999999998,
    -8.1846,
    -8.2778,
    -8.3127,
    -8.2757,
    -8.329199999999998,
    -8.311900000000001
  ],
  "qeds": [
    0.6138888940684764,
    0.6215522944542515,
    0.6689022512415298,
    0.7197846424485165,
    0.6806687609427919,
    0.6947839114279671,
    0.6842992620220696,
    0.687377585230639,
    0.6851561635612666,
    0.6723699212576933,
    0.6444730459713212,
    0.6644968796768065,
    0.6491118351809242,
    0.6551979204629521,
    0.7036991125957236,
    0.7053151490004089,
    0.6904488044203035,
    0.6106599269629162,
    0.6212835657693698,
    0.6409231495996727,
    0.6318689394776594,
    0.6215916277229439,
    0.6613157550492036,
    0.6472051310558105,
    0.6143570569696616,
    0.6599024600098893,
    0.6565934048869762,
    0.6688243149126835,
    0.6831355757645827,
    0.6861582599662959
  ],
  "sas": [
    2.039274580339627,
    1.9963993322881635,
    2.2123569121939726,
    2.605005381302495,
    2.413537762885954,
    2.391779713108478,
    2.2565875113734206,
    2.4319881921310347,
    2.42065009341465,
    2.4304253729922443,
    2.4519975077116407,
    2.3793822969317935,
    2.3615381230539585,
    2.4324513481128327,
    2.5450532167070223,
    2.4763154061507633,
    2.4727260316135746,
    2.24310331998906,
    2.325398512897124,
    2.441782013191207,
    2.4033497213049957,
    2.409598381431535,
    2.497906404181267,
    2.5503758879573546,
    2.3536739011663848,
    2.4264658897771545,
    2.48920800516177,
    2.345132855641534,
    2.480607182409389,
    2.438183896131178
  ],
  "sims": [
    0.4680235375792726,
    0.3301286501531021,
    0.39715493479520986,
    0.27386584552579596,
    0.29311144217697727,
    0.26507288119202926,
    0.20662195019231225,
    0.23701325717955957,
    0.28736342941400317,
    0.3050531686502254,
    0.29399336490542377,
    0.2801068499808771,
    0.2611114135027395,
    0.24969161906006204,
    0.2260228533326734,
    0.2371184140461573,
    0.2362737323632603,
    0.259934945992833,
    0.2718581902695758,
    0.2343881703748017,
    0.2729121057535687,
    0.28665996424193213,
    0.2543137688070332,
    0.2192794459664539,
    0.25456462153434106,
    0.19453171578733436,
    0.1965213747982874,
    0.2421049815461304,
    0.2041458856321321,
    0.2033360537483754
  ],
  "times": [
    2,
    18,
    44,
    79,
    153,
    155,
    156,
    150,
    146,
    156,
    157,
    149,
    159,
    146,
    145,
    147,
    146,
    154,
    156,
    162,
    152,
    152,
    151,
    154,
    161,
    165,
    165,
    159,
    159,
    155
  ]
}