{
  "scores": [
    -6.31925,
    -6.272,
    -6.667999999999999,
    -7.3879,
    -7.7035,
    -7.7518,
    -7.788000000000001,
    -7.862699999999999,
    -7.9104,
    -7.8774,
    -7.9973,
    -8.024600000000001,
    -7.948100000000001,
    -8.0175,
    -8.0562,
    -8.0607,
    -8.0695,
    -8.2411,
    -8.1602,
    -8.259,
    -8.249199999999998,
    -8.1648,
    -8.189499999999999,
    -8.1277,
    -8.0803,
    -8.165799999999999,
    -8.159699999999999,
    -8.156299999999998,
    -8.164299999999999,
    -8.0713
  ],
  "qeds": [
    0.6514067238263701,
    0.6825348900133221,
    0.6598444395151467,
    0.6498399150762179,
    0.644444905264342,
    0.620264073405084,
    0.6073317585327976,
    0.6158024812516196,
    0.6251485958110128,
    0.627537685798343,
    0.6230423309035837,
    0.6398433188836274,
    0.6441271493514409,
    0.6377143299790876,
    0.6295699749826199,
    0.6160409479906865,
    0.6248677130831652,
    0.6377267937348213,
    0.6206723152232607,
    0.6581932507183438,
    0.6556897058115468,
    0.6114605406806611,
    0.6316404302824237,
    0.6441520585022018,
    0.6174998598955419,
    0.6481518945297537,
    0.6341758753736184,
    0.6125729283981303,
    0.6390988131398336,
    0.6326486200632278
  ],
  "sas": [
    1.9451352741482486,
    2.0804264587636334,
    2.114310489532864,
    2.2850653820758966,
    2.4985291834175833,
    2.4079572198526416,
    2.2352142013612935,
    2.235688662899755,
    2.4926716776839988,
    2.305754743015087,
    2.5075433884841396,
    2.3801220500226017,
    2.353659834886732,
    2.3628137191879746,
    2.302259274673557,
    2.3553749730995244,
    2.3863786654072157,
    2.6510559112614267,
    2.484506365257399,
    2.5300187011882835,
    2.494905503118565,
    2.460510484688,
    2.467698792380308,
    2.641427449122593,
    2.3292178591989674,
    2.6065725097484185,
    2.4069531420306576,
    2.2940880865216777,
    2.4215084971895484,
    2.3676103421515267
  ],
  "sims": [
    0.4597736245588062,
    0.3512231554557392,
    0.3923137214071224,
    0.29297814528750854,
    0.25929065876592283,
    0.2941261624517318,
    0.29942843655331725,
    0.3117059110354693,
    0.29526073199047526,
    0.31904164407652674,
    0.29384617585802403,
    0.3005138943300444,
    0.2963288002394312,
    0.30133028905072523,
    0.29831646695092967,
    0.3207344457922941,
    0.32457295618276916,
    0.28062349195167213,
    0.2970854948999414,
    0.272564755196667,
    0.28070886564027175,
    0.30108651554987687,
    0.27642085715253706,
    0.2978717581006728,
    0.32039931351410544,
    0.30599075188657354,
    0.30438684041390884,
    0.3387630961247158,
    0.3060749205694381,
    0.30091945717941265
  ],
  "times": [
    8,
    11,
    32,
    56,
    113,
    124,
    124,
    121,
    120,
    118,
    180,
    133,
    121,
    125,
    128,
    146,
    137,
    141,
    140,
    143,
    141,
    143,
    141,
    139,
    203,
    141,
    150,
    139,
    138,
    135
  ]
}