{
  "scores": [
    -6.464333333333333,
    -6.5182,
    -6.8401,
    -7.082599999999999,
    -7.3984000000000005,
    -7.529599999999999,
    -7.693300000000001,
    -7.506800000000001,
    -7.701299999999999,
    -7.828999999999999,
    -7.960299999999999,
    -7.945600000000001,
    -8.1569,
    -8.0478,
    -8.220099999999999,
    -8.1595,
    -8.2043,
    -7.961699999999999,
    -8.138,
    -8.3402,
    -8.208299999999998,
    -8.1538,
    -8.0513,
    -8.2016,
    -8.2919,
    -8.1604,
    -8.221,
    -8.2134,
    -8.270700000000001,
    -8.331
  ],
  "qeds": [
    0.7440115298380984,
    0.7084929326899662,
    0.6651488462110902,
    0.6688716829221477,
    0.6949939495915464,
    0.6827867145885494,
    0.6546676031766725,
    0.7145472521663985,
    0.6782352177770761,
    0.6350161596966718,
    0.6828935853615667,
    0.6698212510879155,
    0.6645287839173865,
    0.6493153112335126,
    0.6417600429976063,
    0.6429355375894649,
    0.6466352877808459,
    0.6513521408490082,
    0.6134970367087214,
    0.644337101704341,
    0.629577338312836,
    0.6453815345808122,
    0.6504955457732376,
    0.6303718533031674,
    0.6399572399195741,
    0.6246152076632916,
    0.6458627427085711,
    0.6767032816343401,
    0.6493840064372449,
    0.6614345771764452
  ],
  "sas": [
    2.0410743533981006,
    2.292304180639813,
    2.286278825565344,
    2.318699442806218,
    2.30187019891073,
    2.3941662446005916,
    2.2412295859766784,
    2.435990574415579,
    2.524099249658877,
    2.267470258303411,
    2.5169658222207225,
    2.3573659630388044,
    2.3705386976680365,
    2.425919860652132,
    2.439689499100588,
    2.3875797171856945,
    2.5896367872938333,
    2.3300832547233674,
    2.2277228133395406,
    2.664070321436822,
    2.3348494264962243,
    2.28561154075299,
    2.3143747990591725,
    2.426429499127397,
    2.4686777341885318,
    2.3354223689892417,
    2.5080444204569985,
    2.7584293168088365,
    2.545717764853746,
    2.570082181297529
  ],
  "sims": [
    0.43078766175979744,
    0.3617391879104811,
    0.2952380429683107,
    0.1983861981780076,
    0.20244661116765755,
    0.21993038864956954,
    0.2658996590954727,
    0.2311412763780718,
    0.2756976204619064,
    0.30115377191122106,
    0.20311349641844784,
    0.24244414421475807,
    0.2754788024659291,
    0.289796241889433,
    0.24885293227571767,
    0.2556662645945741,
    0.2516836571337551,
    0.29688030568978574,
    0.30095408270021545,
    0.28299111256440035,
    0.32601123441998436,
    0.30671758132132804,
    0.3043792942884226,
    0.30656695151732855,
    0.30388569691678946,
    0.2973714861444281,
    0.26799079808362547,
    0.265455226811382,
    0.28259247372130886,
    0.27531524345148084
  ],
  "times": [
    2,
    19,
    46,
    90,
    162,
    162,
    160,
    159,
    156,
    155,
    156,
    243,
    165,
    163,
    163,
    169,
    152,
    152,
    156,
    159,
    155,
    157,
    142,
    152,
    149,
    176,
    249,
    178,
    365,
    167
  ]
}