{
  "scores": [
    -6.11525,
    -6.15,
    -6.341800000000001,
    -6.429900000000001,
    -6.4173,
    -6.5036000000000005,
    -6.691800000000001,
    -6.706999999999999,
    -6.9358,
    -7.0859,
    -7.0807,
    -6.863900000000001,
    -6.827500000000001,
    -6.900500000000001,
    -7.0611999999999995,
    -7.204899999999999,
    -7.124199999999999,
    -7.071300000000001,
    -7.1628,
    -7.2468,
    -7.397,
    -7.5017,
    -7.5059,
    -7.3489,
    -7.557,
    -7.6213999999999995,
    -7.6034999999999995,
    -7.612399999999999,
    -7.734699999999998,
    -7.811
  ],
  "qeds": [
    0.6908995419912751,
    0.6921926907529674,
    0.7129657970221289,
    0.7574712425968535,
    0.7049630020363209,
    0.704062264736239,
    0.6922987394329314,
    0.6977967853402788,
    0.7414934604029344,
    0.7072384677510783,
    0.6242075509378451,
    0.6984914397276524,
    0.7052808517949141,
    0.627250881799619,
    0.6427686089134588,
    0.6460717916299952,
    0.7095832134607745,
    0.673511850610922,
    0.6723750443155694,
    0.6463614321692501,
    0.6832041834059509,
    0.5983761184983905,
    0.5931510719959363,
    0.5993070140829363,
    0.4898949482504043,
    0.5113921416691161,
    0.4984832773703275,
    0.49320623275817993,
    0.4813730623767107,
    0.46856315709750584
  ],
  "sas": [
    1.87949424746065,
    2.2060132883321204,
    2.3942431596037053,
    2.5754607790699535,
    2.5866121439356236,
    2.7488494038579336,
    2.742261856994962,
    2.620641822509048,
    2.543244633639593,
    2.6909511836559012,
    2.6456073206869064,
    2.739880570473581,
    2.6962021891139,
    2.66815942996125,
    2.6780103483139825,
    2.7538939527184887,
    2.7158821582656385,
    2.532511748105219,
    2.6524670149234284,
    2.578556204055808,
    2.408355308847048,
    2.5983335078144263,
    2.7130868036429723,
    2.760157481260554,
    2.752016913968447,
    2.7678846385677076,
    2.7590721157302247,
    2.8385662632690285,
    2.891376203438749,
    2.853814364229126
  ],
  "sims": [
    0.4600066969581621,
    0.4307388365328043,
    0.2965701846115945,
    0.2920412113602745,
    0.2477172849865541,
    0.22117823047436785,
    0.20655837390956874,
    0.1708013535549905,
    0.16646526905481338,
    0.1928363964845215,
    0.16163638238086256,
    0.1849098725831554,
    0.18924910957337382,
    0.19492603205044143,
    0.1918491246298038,
    0.20087430164019238,
    0.17073716376759746,
    0.18914661585685857,
    0.1936946109593266,
    0.18600632653836147,
    0.18030070747272203,
    0.19432453401636654,
    0.1815032855123468,
    0.16234609220146748,
    0.16539759496532352,
    0.17001402210697517,
    0.15433182822124766,
    0.14061028501965306,
    0.14001354116999865,
    0.1379926651982822
  ],
  "times": [
    1,
    11,
    63,
    211,
    437,
    376,
    400,
    449,
    467,
    497,
    402,
    430,
    439,
    418,
    483,
    338,
    465,
    384,
    535,
    557,
    533,
    596,
    718,
    897,
    1184,
    1553,
    1576,
    1683,
    1779,
    1803
  ]
}