{
  "scores": [
    -6.961503715603603,
    -5.867434713910068,
    -8.484500759528725,
    -8.351530213339517,
    -8.495068674643008,
    -8.789231547195131,
    -8.713415486094169,
    -8.915541456406316,
    -9.012301764128015,
    -9.1779280268281,
    -9.502524027675374,
    -9.801151611869294,
    -9.292555495431792,
    -9.48108404645963,
    -9.568129576839718,
    -9.151276335314698,
    -9.213478585399127,
    -9.541182963109353,
    -9.70248939967076,
    -9.348111232059265,
    -9.49242516061782,
    -9.332768427306387,
    -9.791535337005167,
    -9.615190839810847,
    -9.923712141693025,
    -9.720217693541931,
    -9.905331532903471,
    -9.766899827990894,
    -9.883495405411463,
    -9.904966822443628
  ],
  "qeds": [
    0.680323935965361,
    0.7135127002664208,
    0.7343669524920076,
    0.7318221895688186,
    0.6947965145825292,
    0.7673719698699244,
    0.7165556492420329,
    0.7608850867893013,
    0.7856260318168882,
    0.7254912303167264,
    0.8005159743649868,
    0.782877686237375,
    0.7081409219418742,
    0.694957132734048,
    0.7817422592192553,
    0.7149186008612669,
    0.7155489779389109,
    0.7127634283595083,
    0.7341796574635293,
    0.7583814665693998,
    0.7588388050276749,
    0.6734599461635311,
    0.6973649547114467,
    0.7110476899363288,
    0.7134623329127365,
    0.6996268635342552,
    0.7055459272211332,
    0.6840604338102413,
    0.6589402723996796,
    0.7308482425727837
  ],
  "sas": [
    2.067235545802735,
    2.1472869855965167,
    2.5338828410368266,
    2.4908843696172807,
    2.241660035808673,
    2.224529993024594,
    2.07030894272679,
    2.064921421256141,
    2.161193015096077,
    2.2568537740223062,
    2.2224597427519592,
    2.2095394141587184,
    2.2869171553909045,
    2.510454543942111,
    2.4518890261313504,
    2.2167766149661334,
    2.2979989303854884,
    2.226879410566913,
    2.3060268596106455,
    2.4526391749374183,
    2.5843815772750895,
    2.7117482272171882,
    2.3679403717283805,
    2.7450543259657962,
    2.393317437457682,
    2.5248366594650724,
    2.4188550761249865,
    2.3134295090097714,
    2.471908559037562,
    2.505626589622125
  ],
  "sims": [
    0.3595300183643324,
    0.33688625083421353,
    0.19192858919579409,
    0.2213237032919071,
    0.1849489415258581,
    0.1430904865375852,
    0.1787361024250009,
    0.13773908600664947,
    0.14176578006846827,
    0.14717765196480553,
    0.159332525510631,
    0.15239687983180764,
    0.15209080692524485,
    0.19568025412831697,
    0.1795759833905654,
    0.22988744931975855,
    0.19519403831777804,
    0.2531484639675659,
    0.20119618459093394,
    0.22488679539213613,
    0.22292223648141235,
    0.23842921311262294,
    0.18980081265393334,
    0.24047902103268814,
    0.19112666370847226,
    0.1900406540485849,
    0.1825228508391883,
    0.18507721543169392,
    0.1466007430138337,
    0.18888843768983068
  ],
  "times": [
    65,
    143,
    309,
    507,
    776,
    905,
    733,
    716,
    1113,
    700,
    948,
    996,
    839,
    803,
    773,
    776,
    781,
    631,
    521,
    708,
    529,
    574,
    599,
    677,
    683,
    701,
    873,
    835,
    613,
    583
  ]
}