{
  "scores": [
    -6.234799999999999,
    -6.789999999999999,
    -6.9995,
    -7.155199999999999,
    -7.3309,
    -7.390700000000001,
    -7.486699999999999,
    -7.496599999999999,
    -7.539499999999999,
    -7.6887,
    -7.6858,
    -7.710600000000001,
    -7.6654,
    -7.664199999999999,
    -7.6583,
    -7.679100000000001,
    -7.7291,
    -7.906999999999999,
    -7.8969,
    -7.839,
    -7.7812,
    -7.9976,
    -7.925400000000001,
    -8.120000000000001,
    -7.887600000000001,
    -7.890600000000001,
    -8.017900000000001,
    -8.1268,
    -8.1585,
    -8.177299999999999
  ],
  "qeds": [
    0.6610300448111871,
    0.6696525313206848,
    0.6743290682860479,
    0.6834106735044289,
    0.6586598781941554,
    0.6492399326725067,
    0.6728818372943816,
    0.6336407033547224,
    0.5940522331311706,
    0.6424995821784881,
    0.6681795701189002,
    0.6740667287692017,
    0.6895812303790045,
    0.7047490044424001,
    0.6584636046552574,
    0.6826792752744902,
    0.6366951792613393,
    0.70779214160305,
    0.6759939959245518,
    0.6631401899053742,
    0.6190456600026376,
    0.6509615096902746,
    0.6816780027246052,
    0.6846397363941925,
    0.6867735750701278,
    0.6601026249705584,
    0.7184606960574446,
    0.7217602117323578,
    0.6991518976193282,
    0.7114989219996235
  ],
  "sas": [
    2.1452292958122987,
    2.1734738388323005,
    2.2724456005334557,
    2.4659616892027,
    2.441950812437974,
    2.497198228334295,
    2.46018721490717,
    2.4316807431135232,
    2.7687850051432927,
    2.4593076797348146,
    2.292454281764139,
    2.348567762846965,
    2.421179762132234,
    2.4213683318610975,
    2.4524912126949383,
    2.422555407414664,
    2.3748991794307366,
    2.490613902008335,
    2.5940802308389808,
    2.526535215719113,
    2.480658867792229,
    2.6839755034548274,
    2.5654606463991443,
    2.9197625474074718,
    2.7013839627415246,
    2.393950681134865,
    2.9057243272894633,
    2.7823953351097397,
    2.897855143937037,
    2.960139109777743
  ],
  "sims": [
    0.45616954226806794,
    0.2557430463796317,
    0.24756974819777042,
    0.224291005299203,
    0.1840479047114449,
    0.24742114081576055,
    0.23613544065403805,
    0.253541004408865,
    0.2282352597011023,
    0.25484799741474823,
    0.2844377759770641,
    0.28209764109707236,
    0.281544530591792,
    0.2618321018836386,
    0.28322939564526917,
    0.29143607282069306,
    0.2817029153677936,
    0.24312344686967044,
    0.26953031617633255,
    0.2813731062980261,
    0.2645424597660121,
    0.25397683269041516,
    0.30550400819711154,
    0.2871493312455219,
    0.29395844216298017,
    0.3080598935090553,
    0.24774550366672615,
    0.25852870200431116,
    0.2546878141338259,
    0.24434923868925423
  ],
  "times": [
    10,
    27,
    60,
    135,
    140,
    153,
    155,
    144,
    142,
    146,
    213,
    133,
    144,
    144,
    147,
    159,
    140,
    147,
    142,
    148,
    150,
    145,
    147,
    158,
    148,
    153,
    153,
    147,
    149,
    142
  ]
}