{
  "scores": [
    -6.189200000000001,
    -6.382,
    -6.8013,
    -7.0893000000000015,
    -7.2873,
    -7.4432,
    -7.6384,
    -7.838300000000001,
    -7.9335,
    -8.0386,
    -8.127,
    -8.161599999999998,
    -8.135,
    -8.123899999999999,
    -8.1945,
    -8.245999999999999,
    -8.3861,
    -8.312199999999999,
    -8.3306,
    -8.3973,
    -8.4774,
    -8.583200000000001,
    -8.5159,
    -8.4651,
    -8.522499999999999,
    -8.533800000000001,
    -8.591600000000001,
    -8.594700000000001,
    -8.6373,
    -8.621900000000002
  ],
  "qeds": [
    0.6192648527797072,
    0.6791062489416038,
    0.6816700080863803,
    0.6943689420699106,
    0.7039465897228672,
    0.6843263473324814,
    0.6777593225890002,
    0.6193557787086784,
    0.6863296769397983,
    0.639431981783176,
    0.6330450766016977,
    0.6419174560495242,
    0.6681895867698002,
    0.6717272756464896,
    0.6942036289436402,
    0.6713191549916699,
    0.716257050919373,
    0.70004929700643,
    0.6868792565312627,
    0.7236142131261378,
    0.7097501290622238,
    0.6981099577509984,
    0.6920968920835089,
    0.7083854831191684,
    0.7026882271457753,
    0.7129177148826416,
    0.70605575003003,
    0.6857859646219324,
    0.6966032874556842,
    0.6902005683974289
  ],
  "sas": [
    2.2666799344859667,
    2.2362087043171077,
    2.310458155774114,
    2.5382355672816885,
    2.536816440978537,
    2.343752770679013,
    2.368190185245609,
    2.4730788699828876,
    2.542001326314332,
    2.5213255818441196,
    2.328271675336476,
    2.4408898291826295,
    2.333537296470061,
    2.285670766792201,
    2.476348178329718,
    2.4459423861644525,
    2.619887033881407,
    2.5283942837013034,
    2.5066358249699383,
    2.6750208030660403,
    2.6517944482804916,
    2.6962591270441125,
    2.690516684173903,
    2.720377997259804,
    2.684361240942987,
    2.6609659868913953,
    2.6432271230663544,
    2.630252136639718,
    2.6217505647444335,
    2.588920155579131
  ],
  "sims": [
    0.4282654978461068,
    0.3195630049038516,
    0.3147531509609981,
    0.2515804890098441,
    0.23057955151447768,
    0.25025741613941077,
    0.2399627748244674,
    0.24827302538654134,
    0.2552268043119477,
    0.24743655852708427,
    0.3223911687864751,
    0.2674895155048157,
    0.25023037640414103,
    0.2574851882025549,
    0.2356024405122909,
    0.22886007626592977,
    0.17707916919928282,
    0.1862077975411925,
    0.19745995580229908,
    0.1944311126050241,
    0.18254672151770718,
    0.1740764230404918,
    0.19079674537916738,
    0.19582753693716196,
    0.21063364695873127,
    0.21141042431271675,
    0.21044214373107645,
    0.2085434561539969,
    0.20844906629176943,
    0.20792163591657462
  ],
  "times": [
    12,
    30,
    125,
    198,
    356,
    169,
    162,
    169,
    159,
    235,
    159,
    175,
    165,
    169,
    164,
    170,
    175,
    173,
    165,
    180,
    163,
    170,
    167,
    164,
    167,
    167,
    161,
    175,
    168,
    169
  ]
}