{
  "scores": [
    -4.501458962641608,
    -4.316609048237258,
    -6.18902464076732,
    -7.577494670798467,
    -8.32024968045505,
    -8.422482129135584,
    -8.601581298387273,
    -8.779131111309786,
    -9.34916636761343,
    -9.247457320719308,
    -9.567205159875972,
    -9.752512867337652,
    -9.76822375276056,
    -9.938454853181492,
    -9.675517240267911,
    -9.656563816782231,
    -9.66728674287528,
    -9.630485898911997,
    -9.398961172077971,
    -9.527820303448113,
    -9.527191998175871,
    -9.6836242240339,
    -9.685748124946118,
    -9.677721313929402,
    -9.576523787236649,
    -9.621440406335033,
    -9.63809057901949,
    -9.676897268136944,
    -9.618711782255206,
    -9.598854297093121
  ],
  "qeds": [
    0.6446106026237217,
    0.6306144299425825,
    0.7104343921852803,
    0.6337059069574851,
    0.6884866579949259,
    0.7033540392142548,
    0.6481152328990524,
    0.6751402051100432,
    0.6889577062571879,
    0.7322068871498937,
    0.6820009193718416,
    0.6884666872407668,
    0.7067629811029035,
    0.7029771276507224,
    0.6759690558321023,
    0.6947481107767333,
    0.6989554451580557,
    0.7197061238663279,
    0.7191386972014894,
    0.6977264586551783,
    0.7205361029268765,
    0.6753934025448088,
    0.6379183213585409,
    0.694522319090509,
    0.7033536458194403,
    0.6820129640281777,
    0.7118662389385492,
    0.7018404200349421,
    0.6868883798037834,
    0.6814168527831603
  ],
  "sas": [
    1.9849969664559408,
    2.136880503347621,
    2.2873322223586,
    2.4783258166374287,
    2.2121704871114103,
    2.5374805512378265,
    2.4577854944115414,
    2.5296737186844482,
    2.3108265903911356,
    2.477759363398875,
    2.7109249543146907,
    2.618824861801911,
    2.7397473433894723,
    2.7045156079948947,
    2.6269482588570012,
    2.5996839871157738,
    2.5745443381302775,
    2.610011566101971,
    2.5886485785520534,
    2.642005275911688,
    2.591546008851149,
    2.6016482938584757,
    2.539060963953703,
    2.7137033894994325,
    2.5921224152306293,
    2.5384972837299076,
    2.582637485933584,
    2.5932179481923567,
    2.730514515204959,
    2.6945825550334432
  ],
  "sims": [
    0.5184232143475198,
    0.3552753578191204,
    0.19297500371156637,
    0.18988510545848328,
    0.16587046756783586,
    0.18165975493824602,
    0.19163483347613477,
    0.20160809218959702,
    0.14136733566581722,
    0.1786670958107696,
    0.16602805218420028,
    0.15964720390198733,
    0.15479126473926447,
    0.1772591911053195,
    0.17120202042143007,
    0.17686116709493369,
    0.1738443747962579,
    0.1788600764102108,
    0.17187002689473166,
    0.1724637357512273,
    0.1745438918210523,
    0.1835808644083191,
    0.1751476768860001,
    0.17683328432677226,
    0.19176477190432173,
    0.18732486120700012,
    0.18577962632723274,
    0.18468729123654545,
    0.2176042920950753,
    0.22884947530894234
  ],
  "times": [
    1,
    66,
    198,
    389,
    672,
    950,
    797,
    789,
    842,
    594,
    649,
    727,
    902,
    600,
    775,
    574,
    675,
    561,
    778,
    690,
    858,
    671,
    923,
    629,
    407,
    530,
    655,
    615,
    707,
    696
  ]
}