{
  "scores": [
    -6.464333333333333,
    -6.2829,
    -6.641999999999999,
    -6.9303,
    -7.382,
    -7.540699999999999,
    -7.6962,
    -7.944599999999999,
    -8.0355,
    -8.044,
    -8.1547,
    -8.1568,
    -8.172099999999997,
    -8.3035,
    -8.2605,
    -8.177899999999998,
    -8.3146,
    -8.177699999999998,
    -8.1161,
    -8.1499,
    -8.130400000000002,
    -8.1997,
    -8.2382,
    -8.1861,
    -8.2499,
    -8.2507,
    -8.261700000000001,
    -8.241900000000001,
    -8.218099999999998,
    -8.2934
  ],
  "qeds": [
    0.6725168099041704,
    0.6147656708496504,
    0.6593615255097613,
    0.6500434817946179,
    0.6962365363676252,
    0.6665804992038195,
    0.6757593884044846,
    0.6741120440300221,
    0.6456781156030935,
    0.6310011447475445,
    0.6410984639449341,
    0.6280410656500027,
    0.6097411171071185,
    0.6386456641364114,
    0.6463626238384669,
    0.6353818351228396,
    0.6330792448479375,
    0.6177360548370715,
    0.6313764529218145,
    0.6408696895495678,
    0.6241428028220344,
    0.6169099304406406,
    0.6113287347893367,
    0.624664607213181,
    0.5997666873147545,
    0.6128994774867526,
    0.6046168866138577,
    0.6174627507429069,
    0.6073518243848264,
    0.6097725405371195
  ],
  "sas": [
    2.1080262741482483,
    2.25445565813569,
    2.2107252798656387,
    2.109442710657343,
    2.4567885945162047,
    2.2988780958898927,
    2.2889163520998403,
    2.3773633237127663,
    2.4423408461656786,
    2.3598590962619697,
    2.600125884627217,
    2.29917404188084,
    2.4233334264962245,
    2.5321459364743983,
    2.5920182230986497,
    2.3770944189028453,
    2.5122775453773434,
    2.438855124233997,
    2.2377712726500696,
    2.3374761102479837,
    2.277101657265455,
    2.5151050003578734,
    2.28892676659164,
    2.539741310483259,
    2.3730280978248954,
    2.4415032726500705,
    2.4503451188039165,
    2.4084282790427056,
    2.4036357475741736,
    2.4885690297275316
  ],
  "sims": [
    0.6658881989893904,
    0.3446027026070652,
    0.38969384410382885,
    0.3367212994873047,
    0.18187867098292557,
    0.22448145530595515,
    0.23500870057724202,
    0.23885143485449806,
    0.304329975879973,
    0.32095305414468334,
    0.2746855469059345,
    0.303409806381279,
    0.32132517103602354,
    0.3137034816954745,
    0.3169080545725526,
    0.29658360932664746,
    0.28467157395442927,
    0.294054656097334,
    0.3313938346921649,
    0.306544646133298,
    0.36475094514193773,
    0.3010824986848026,
    0.31526746223553,
    0.2964973812501134,
    0.34721082091496164,
    0.34490625886614706,
    0.3289001985858229,
    0.3205477686049108,
    0.3366489125500319,
    0.3360481792463547
  ],
  "times": [
    1,
    14,
    39,
    67,
    122,
    145,
    234,
    206,
    144,
    136,
    144,
    144,
    266,
    138,
    140,
    141,
    138,
    141,
    146,
    181,
    153,
    141,
    147,
    132,
    135,
    135,
    148,
    141,
    140,
    144
  ]
}