{
  "scores": [
    -3.43496655118882,
    -3.791710653591455,
    -3.7341634117017843,
    -5.244633725041925,
    -7.4311284947804594,
    -7.299728341517394,
    -8.028454177680727,
    -8.325173942521818,
    -8.845159803119087,
    -8.911389355090012,
    -9.268817634152153,
    -9.324665488426074,
    -9.421334665101995,
    -9.615746605515136,
    -9.45161889742949,
    -9.481477605229106,
    -9.57056883056452,
    -9.57056883056452,
    -9.500206706064926,
    -9.500595807403675,
    -9.610029931703734,
    -9.57157214536126,
    -9.643752011593296,
    -9.664567223122791,
    -9.581998000659649,
    -9.581998000659649,
    -9.59202594567101,
    -9.734918555576478,
    -9.581998000659649,
    -9.604274862457519
  ],
  "qeds": [
    0.6307722261623976,
    0.6337295613466731,
    0.6564787246397291,
    0.7133094527333446,
    0.5999021407501205,
    0.7469989517451758,
    0.7584979272286674,
    0.7455158758827594,
    0.734126146220418,
    0.6903611071810906,
    0.649675207843113,
    0.6083935653188169,
    0.6485974289313743,
    0.6160985854387295,
    0.5999489267252397,
    0.6103272629233937,
    0.6203101975187315,
    0.6203101975187315,
    0.6244696511320904,
    0.6268155960800857,
    0.6160135374700381,
    0.6197192137404514,
    0.6259477975969074,
    0.625053090377764,
    0.6025645011867329,
    0.6025645011867329,
    0.6170216532754013,
    0.6025108412219303,
    0.6025645011867329,
    0.606422395856893
  ],
  "sas": [
    1.647206889532864,
    1.6873773510713255,
    2.0145007036224567,
    2.2182571904495894,
    2.721225617316397,
    2.5866350110615093,
    2.433850559275067,
    2.3713902262180926,
    2.3777254351740518,
    2.5508726149271497,
    2.5177978598648587,
    2.527186869115435,
    2.614985966023288,
    2.6281417211244786,
    2.6506131405475335,
    2.579848052547388,
    2.725903566739916,
    2.725903566739916,
    2.670321554905596,
    2.620162975023939,
    2.7337472353789694,
    2.6885303123020456,
    2.751628655497312,
    2.735052950062358,
    2.7510893655564836,
    2.7510893655564836,
    2.7725465904085547,
    2.7784327021420188,
    2.7510893655564836,
    2.8041059336038208
  ],
  "sims": [
    1.0,
    0.6838407494145199,
    0.4059193556131307,
    0.29001095207511435,
    0.1936544668965705,
    0.2400432461692798,
    0.14859795969481265,
    0.18097024366965955,
    0.20341942631712961,
    0.18335206559326717,
    0.21276338011908344,
    0.19864281127270267,
    0.18735041309877606,
    0.1766643218906137,
    0.1864010633729711,
    0.19433592460726706,
    0.18850771653670834,
    0.18850771653670834,
    0.19772819161198432,
    0.19388794583625468,
    0.19175380515393042,
    0.19493396839184116,
    0.19189149507961753,
    0.1824308220319031,
    0.1900205154661869,
    0.1900205154661869,
    0.18929200355080655,
    0.17854293206168997,
    0.1900205154661869,
    0.1931179046465697
  ],
  "times": [
    2,
    1,
    63,
    94,
    177,
    300,
    405,
    381,
    315,
    248,
    320,
    289,
    300,
    236,
    416,
    403,
    310,
    194,
    268,
    261,
    424,
    344,
    262,
    239,
    268,
    326,
    274,
    267,
    292,
    459
  ]
}