{
  "scores": [
    -4.14568058473452,
    -4.667958317562826,
    -6.539023879356419,
    -8.352576292006049,
    -8.823949914115708,
    -9.470305790751826,
    -9.007449998569113,
    -9.064624743335743,
    -9.275842200142222,
    -9.071915966404045,
    -9.341456063306428,
    -9.3732792341345,
    -8.998514316366084,
    -9.463149345009992,
    -9.361545207291826,
    -9.443267599002727,
    -9.460559791803062,
    -9.873892787837097,
    -9.475731832486446,
    -9.408124724138279,
    -9.297704019305016,
    -9.150074403160984,
    -9.137084172833944,
    -9.241710092409189,
    -9.234490981057213,
    -9.196196283428023,
    -9.16953524038249,
    -9.267688380366723,
    -9.089364858671322,
    -9.069645589008221
  ],
  "qeds": [
    0.6337295613466731,
    0.6444468415154458,
    0.7150268028533567,
    0.7201266412594062,
    0.7192305495333453,
    0.6375650243081308,
    0.6603318756811644,
    0.7098302950028265,
    0.6916561904423943,
    0.6473424323390076,
    0.6863238339151586,
    0.7048596110846741,
    0.6724807571092135,
    0.6667504461124367,
    0.7076765411551078,
    0.6600238096122235,
    0.6520623686745511,
    0.6954115017614273,
    0.7059121227971002,
    0.7221119102775817,
    0.6592442383783274,
    0.6095920325505108,
    0.6079206565113761,
    0.6819715533328311,
    0.6899997837075345,
    0.6856039161079972,
    0.7226203005335207,
    0.7262927687924774,
    0.6397957120547032,
    0.5926891814106373
  ],
  "sas": [
    1.6873773510713255,
    1.9674924545822379,
    2.299656556382168,
    2.4587240679207616,
    2.6016065358515226,
    2.5908200540695807,
    2.408819478640741,
    2.285649617944984,
    2.42064767276912,
    2.5718757416308344,
    2.7132578584287423,
    2.6641681240980297,
    2.700845215878347,
    3.035356773479175,
    2.481710321687622,
    2.6347722536180678,
    2.487583939408921,
    2.5485223707681737,
    2.4138946933526757,
    2.534974015667712,
    2.6114265415536737,
    2.6032687100468523,
    2.592575815026595,
    2.5525240181136395,
    2.5859717744360173,
    2.6950521213556815,
    2.586435553630441,
    2.636683997742287,
    2.579494324214255,
    2.7389800612031827
  ],
  "sims": [
    0.6838407494145199,
    0.3188266573059595,
    0.20134885081653198,
    0.17937556178733324,
    0.12660336756063223,
    0.13663995720865812,
    0.16058697330517852,
    0.1717138313614081,
    0.18236135404012996,
    0.27265197979795935,
    0.18579435393553015,
    0.17510486285017404,
    0.3163639968847699,
    0.21558991137391756,
    0.15134219043134545,
    0.1546232371063206,
    0.15191699154291904,
    0.12976772446680068,
    0.2096831663070589,
    0.23687830593193332,
    0.2181782937779694,
    0.2940711184180683,
    0.2451033952706551,
    0.2243945431007149,
    0.23073298550931134,
    0.2655911337430017,
    0.23162188164240116,
    0.21087187158000317,
    0.2725333831196859,
    0.3402604823857189
  ],
  "times": [
    2,
    5,
    141,
    352,
    719,
    1080,
    1382,
    1167,
    1463,
    1523,
    1861,
    1512,
    1410,
    1834,
    1564,
    1991,
    1533,
    1350,
    1164,
    1440,
    1234,
    926,
    1615,
    1271,
    1254,
    1101,
    998,
    1278,
    1365,
    1235
  ]
}