{
  "scores": [
    -5.934,
    -5.950285714285714,
    -6.1396,
    -6.392399999999999,
    -6.6213999999999995,
    -6.9426000000000005,
    -7.091099999999999,
    -7.2812,
    -7.151000000000001,
    -7.021600000000001,
    -6.9098,
    -7.4492,
    -7.2311,
    -7.4221,
    -7.615700000000001,
    -7.5402000000000005,
    -7.683200000000001,
    -7.632799999999999,
    -7.693500000000002,
    -7.5739,
    -7.719999999999999,
    -7.7826,
    -7.586,
    -7.606699999999999,
    -7.5035,
    -7.9224000000000006,
    -7.715299999999999,
    -7.883800000000001,
    -7.8574,
    -7.672999999999999
  ],
  "qeds": [
    0.6397143306722614,
    0.665089313476918,
    0.6558487607386003,
    0.6933982916438316,
    0.6765767741748712,
    0.6002733336173849,
    0.614091321547592,
    0.6315029537106154,
    0.6985713743568281,
    0.7198115071925711,
    0.7275551950914967,
    0.6800935381621576,
    0.6941766208536837,
    0.6670775798485381,
    0.6842108848044555,
    0.6553041277850429,
    0.6615437712193628,
    0.6954056531461077,
    0.6369146236996915,
    0.6530772574161874,
    0.6743033586485414,
    0.6734150181498495,
    0.6492781666005508,
    0.6543940269615313,
    0.6472633210700426,
    0.6794821043697118,
    0.587429196085656,
    0.6042572329573836,
    0.6061827716256242,
    0.6059037726465266
  ],
  "sas": [
    1.8718228895328632,
    2.18687022933453,
    2.0811825096270553,
    2.2481051336892626,
    2.5239926080837494,
    2.507225114140643,
    2.4352528264792377,
    2.5845438274362142,
    2.436622127837347,
    2.55686133616177,
    2.555762312518225,
    2.386950477578501,
    2.439689100162702,
    2.4612548320459955,
    2.409688600025902,
    2.4277456310469865,
    2.494640692443259,
    2.612680780347916,
    2.527073579742006,
    2.3861625028189293,
    2.4822032714493267,
    2.397697425295481,
    2.40943283313649,
    2.409321195076191,
    2.468788658091159,
    2.5116343495731472,
    2.635691417641078,
    2.5771585033645827,
    2.615063339595518,
    2.631169271717928
  ],
  "sims": [
    0.678706187434209,
    0.5746517640066429,
    0.42373106772957597,
    0.26725890718412443,
    0.24464426491657099,
    0.14698824393387006,
    0.17401060067197768,
    0.17948641630068646,
    0.20427497821795412,
    0.1629706209287688,
    0.21570448044903473,
    0.2164333771923206,
    0.2307721971723266,
    0.2576893579603872,
    0.25589101547306037,
    0.2980455210801301,
    0.2686269947300244,
    0.21661278840479176,
    0.2679006770775669,
    0.24201695443561339,
    0.21394960186418124,
    0.20460125995650338,
    0.25862490094616175,
    0.20939717266077187,
    0.21328799604529958,
    0.20079764626742858,
    0.2444233553648695,
    0.22661201158306846,
    0.23235554664460847,
    0.22552763108113885
  ],
  "times": [
    1,
    4,
    47,
    142,
    301,
    493,
    510,
    549,
    516,
    576,
    506,
    487,
    469,
    489,
    530,
    519,
    468,
    519,
    442,
    677,
    656,
    728,
    819,
    961,
    945,
    995,
    927,
    1146,
    974,
    1107
  ]
}