{
  "scores": [
    -4.3612531560276375,
    -6.101004886094945,
    -7.647380604040637,
    -8.267139824066971,
    -8.530995832385281,
    -8.53452561934742,
    -8.652705479065526,
    -8.547460603507455,
    -8.6100692816397,
    -8.732609582963562,
    -8.691147868208683,
    -8.82326658052492,
    -9.090144881974489,
    -9.171950765950049,
    -9.211188201181201,
    -9.312111959044852,
    -9.311834242366675,
    -9.1214262560441,
    -9.024827456576142,
    -9.326202761981815,
    -9.45248246659267,
    -9.294271072310366,
    -9.14786613490647,
    -9.159333212017568,
    -8.76654736254884,
    -8.921736071494493,
    -9.262041405786524,
    -9.337703898255663,
    -9.289471338182372,
    -9.640117493227816
  ],
  "qeds": [
    0.6762491528134876,
    0.6392280472258383,
    0.6976600516303564,
    0.7028599151057813,
    0.7273339703796472,
    0.7323143648808551,
    0.7466464855830427,
    0.7221584714259819,
    0.7014022727767684,
    0.7221426303400779,
    0.7483795359107362,
    0.7521966127652918,
    0.7524111304486935,
    0.7615024933879354,
    0.7732404413189775,
    0.744256057140459,
    0.7462101831696326,
    0.7622945401572683,
    0.7158921408405045,
    0.7374259365279181,
    0.7412481272580419,
    0.7806674325388421,
    0.7427128930467798,
    0.7558899897433954,
    0.7537378105418137,
    0.7445387698063517,
    0.7638777243494073,
    0.7862628801783249,
    0.759540861412775,
    0.7630982755731675
  ],
  "sas": [
    1.984868197225171,
    2.2697656106343898,
    2.4700529893758776,
    2.602780716744808,
    2.5773822728677844,
    2.4848426858208734,
    2.460463340710971,
    2.5336209817016795,
    2.5532656154525086,
    2.474897763522045,
    2.5921675531787436,
    2.1590724052019636,
    2.577772540274977,
    2.548495975701959,
    2.4568162692851403,
    2.497204452330147,
    2.3503391354051635,
    2.554181615037521,
    2.5671189774732426,
    2.3826809663392448,
    2.35693710612455,
    2.4354385563593186,
    2.54330677038868,
    2.477563050957015,
    2.512635068348852,
    2.8007399706019873,
    2.557545485348259,
    2.5863722366431654,
    2.692791588364068,
    2.4921282793013453
  ],
  "sims": [
    0.5782698140930204,
    0.3769904468396799,
    0.25266079139975856,
    0.21396194383747277,
    0.21668352710721178,
    0.21189361118790656,
    0.19606698127047126,
    0.22074422434864074,
    0.213544283155696,
    0.2087920352637397,
    0.2031187397974167,
    0.1843860049063389,
    0.16401739667916587,
    0.16680247635624507,
    0.1358859602299342,
    0.15597895466016662,
    0.16930054812270684,
    0.19222771462691735,
    0.17083123317350404,
    0.14615243913883766,
    0.15343116222412106,
    0.13236334155937932,
    0.16887630029806466,
    0.17155788669771177,
    0.19842408909443018,
    0.1763460356133647,
    0.161181088404548,
    0.15775237618317045,
    0.155903974572577,
    0.15556174240173387
  ],
  "times": [
    55,
    89,
    286,
    448,
    610,
    608,
    617,
    580,
    637,
    479,
    607,
    673,
    569,
    837,
    483,
    554,
    441,
    389,
    443,
    434,
    391,
    453,
    446,
    497,
    400,
    512,
    455,
    408,
    486,
    463
  ]
}