{
  "scores": [
    -6.464333333333333,
    -6.432428571428572,
    -6.6699,
    -6.726699999999999,
    -6.8747,
    -7.183000000000002,
    -6.9323999999999995,
    -7.092499999999999,
    -7.431499999999998,
    -7.6215,
    -7.7396,
    -7.8063,
    -7.7898,
    -7.8805000000000005,
    -7.9138,
    -8.043000000000001,
    -7.944599999999999,
    -7.9144000000000005,
    -7.9681,
    -8.1423,
    -8.131400000000001,
    -8.059700000000001,
    -7.9575000000000005,
    -8.097000000000001,
    -8.069200000000002,
    -8.076200000000002,
    -8.041100000000002,
    -8.108900000000002,
    -8.094800000000001,
    -8.1736
  ],
  "qeds": [
    0.6725168099041704,
    0.6677775227234657,
    0.6801746366036966,
    0.6333405031973465,
    0.6930786717942626,
    0.7173113306805108,
    0.7112991144203006,
    0.708889642614064,
    0.7026183228632634,
    0.6791644173722385,
    0.6426223917574949,
    0.6465668500608598,
    0.6571072117229289,
    0.6441911257520212,
    0.644731952804851,
    0.6419273556621239,
    0.6524443383753817,
    0.6341885839421799,
    0.6475431605043872,
    0.6521687108697712,
    0.671246116020294,
    0.6573211020388185,
    0.6484484041627845,
    0.6718686571072063,
    0.6840005118431135,
    0.6884731308997722,
    0.6645094846615484,
    0.6918647078022674,
    0.6805202785247293,
    0.7031247228799492
  ],
  "sas": [
    2.1080262741482483,
    2.1194329859670424,
    2.216536541051801,
    2.213629284626106,
    2.1492469679701296,
    2.36357647421681,
    2.4429261174922026,
    2.538417920002459,
    2.5403851815542935,
    2.4854736011213405,
    2.5467708813911027,
    2.68815121170978,
    2.6134354885981166,
    2.3827797507073947,
    2.2381205957258934,
    2.3754506729497065,
    2.41198036534182,
    2.388813896260869,
    2.4327064341584825,
    2.3305075133648843,
    2.3726409558766277,
    2.4232049649290905,
    2.4212748424801114,
    2.5285306353227788,
    2.4950228660920097,
    2.4682619430150874,
    2.4995128273951317,
    2.58604085756399,
    2.4970298810914677,
    2.5214779727712164
  ],
  "sims": [
    0.6658881989893904,
    0.4612440719035889,
    0.3568691272726595,
    0.2890590342985826,
    0.2874927428349713,
    0.17607342535431306,
    0.17730332364772952,
    0.20359034565728384,
    0.23706079893358795,
    0.27781860352047955,
    0.2631122038142496,
    0.2738742820729964,
    0.27007100425449504,
    0.2902922801935819,
    0.2878259763634479,
    0.3007509543943325,
    0.279957002517553,
    0.2919410628835846,
    0.2993290499604707,
    0.25771704170190535,
    0.26639395307342634,
    0.2847810046582588,
    0.31011745357350573,
    0.2936028609607192,
    0.27105765006403487,
    0.2738305409894911,
    0.2985820786643727,
    0.29463935075736375,
    0.2880615999900432,
    0.26789024136091233
  ],
  "times": [
    1,
    13,
    34,
    62,
    112,
    145,
    141,
    140,
    142,
    151,
    146,
    152,
    146,
    138,
    139,
    135,
    142,
    153,
    145,
    140,
    142,
    136,
    154,
    142,
    133,
    147,
    142,
    144,
    145,
    136
  ]
}