{
  "scores": [
    -6.15825,
    -6.4458,
    -6.9006,
    -6.8645,
    -7.0638000000000005,
    -7.1607,
    -7.5495,
    -7.2044,
    -7.5144,
    -7.6608,
    -7.9060999999999995,
    -7.9522,
    -7.955899999999998,
    -8.0106,
    -8.0207,
    -8.074900000000001,
    -8.0652,
    -8.1377,
    -8.0907,
    -8.1853,
    -8.063300000000002,
    -8.0833,
    -8.161399999999999,
    -8.0405,
    -8.0442,
    -8.229000000000001,
    -8.193499999999998,
    -8.156400000000001,
    -8.0765,
    -7.9845
  ],
  "qeds": [
    0.6554517161625559,
    0.6643336000524782,
    0.6375034421952892,
    0.6467361712459697,
    0.6171357894518671,
    0.6334545847229803,
    0.6432353808167404,
    0.6501416591492903,
    0.637376781036684,
    0.6190295280056961,
    0.6685803567975555,
    0.6483797304779091,
    0.607381196090903,
    0.6114327105573447,
    0.6200435787231025,
    0.6383457100180625,
    0.6448799740953829,
    0.625248646673318,
    0.622204293849242,
    0.6489802076488204,
    0.6337170325225825,
    0.6291677323880833,
    0.6381347988034483,
    0.6508000831762121,
    0.6589134043081541,
    0.6675998655579083,
    0.638411161529587,
    0.6202726252437104,
    0.629614249992219,
    0.64478041390602
  ],
  "sas": [
    2.034888812609787,
    2.120347966455941,
    2.0786915028665898,
    2.1654626092495683,
    2.349763361997158,
    2.397831303113185,
    2.2649213401798405,
    2.4675565185532795,
    2.0958302924656365,
    2.075824500762022,
    2.3969177913695026,
    2.2722300418808397,
    2.1754118880346858,
    2.011338964957763,
    2.14755004188084,
    2.2552956284946184,
    2.3008643983257593,
    2.3352514403169424,
    2.351456341379397,
    2.5202174252954803,
    2.4799026572654546,
    2.471602195126622,
    2.386872656665083,
    2.3954968111116086,
    2.3417740236386435,
    2.5589318868339426,
    2.5558971176031733,
    2.267542881041679,
    2.2369054264962243,
    2.13434321387707
  ],
  "sims": [
    0.4189237035617326,
    0.37292802056782764,
    0.30831654526504326,
    0.23888112020930413,
    0.24347517761033521,
    0.23241019374613345,
    0.22970445413591328,
    0.255685428166552,
    0.25489085234458797,
    0.2909586580908255,
    0.25008033193733453,
    0.26998359569854413,
    0.33658148397122656,
    0.30112085907041525,
    0.2964351252663325,
    0.31687096800261094,
    0.31755579013311414,
    0.2684485069098364,
    0.2544094443163369,
    0.266069647112815,
    0.3402439611328921,
    0.291622672071152,
    0.2364487937091005,
    0.2742997630189396,
    0.27059683928747236,
    0.28264160394972826,
    0.3051855709755726,
    0.3500614993385029,
    0.33690407763089547,
    0.30596492346948023
  ],
  "times": [
    2,
    19,
    47,
    84,
    139,
    143,
    144,
    144,
    147,
    142,
    284,
    144,
    321,
    206,
    158,
    150,
    147,
    148,
    217,
    145,
    138,
    138,
    137,
    162,
    156,
    148,
    231,
    145,
    144,
    144
  ]
}