{
  "scores": [
    -4.16218686443943,
    -5.474625013374762,
    -7.67932781952374,
    -7.579935061272694,
    -8.183225168861865,
    -8.23751305325033,
    -8.652577234652014,
    -8.791118358884226,
    -8.853731520330722,
    -8.8633236397143,
    -8.843912907058499,
    -9.309432264119163,
    -8.691761793763892,
    -9.098649372369142,
    -9.345724925820118,
    -9.283898737517102,
    -9.256626103223168,
    -9.176026993624387,
    -9.227112321115836,
    -9.365110524737613,
    -9.466234657638642,
    -9.480855598690386,
    -9.507669201414194,
    -9.52260879973871,
    -9.603295998229955,
    -9.67813208082279,
    -9.657123139009402,
    -9.556186490366947,
    -9.586723067575855,
    -9.64157683706936
  ],
  "qeds": [
    0.6724759959573019,
    0.7053510703195136,
    0.6330312939895248,
    0.7487628191696559,
    0.6725610117261043,
    0.6557759599474765,
    0.7308041170114954,
    0.6816904959720743,
    0.7396240255957179,
    0.7380593729196898,
    0.7555643287147831,
    0.7254278318802726,
    0.681395338478959,
    0.7193264947389069,
    0.7327866206328119,
    0.8091583674014984,
    0.6698553525464788,
    0.7348400777740876,
    0.7829847662610148,
    0.7404908303852726,
    0.7454123989771453,
    0.6915577388657977,
    0.6575918848821797,
    0.6583321130240247,
    0.6304609305908484,
    0.6269658473862851,
    0.6041173551586569,
    0.6380351847836568,
    0.6043659159811078,
    0.6462752563785207
  ],
  "sas": [
    2.0670144609614356,
    2.2337197245101414,
    2.703418376083498,
    2.639724568890655,
    2.527030426697002,
    2.6041699009779173,
    2.612930643323176,
    2.6257742904707504,
    2.6892274441766126,
    2.560954753504962,
    2.5315855458738303,
    2.739806614559442,
    2.6792662659075646,
    2.589055219849403,
    2.424852522047204,
    2.447846644128842,
    2.601897673833129,
    2.4075591988258624,
    2.5790155175378078,
    2.769700996896099,
    2.68550673302619,
    2.58662746618747,
    2.7208117882630183,
    2.7229450540521314,
    2.7585507357325207,
    2.672219844356389,
    2.778434943747226,
    2.723196414903606,
    2.7333015121263777,
    2.69124718567262
  ],
  "sims": [
    0.5164123765619992,
    0.4076597430620218,
    0.25771029231851406,
    0.29214006385634106,
    0.32166039824544085,
    0.3223314848024044,
    0.28801500014259585,
    0.2508281371460995,
    0.2080900322185474,
    0.2495216407736267,
    0.2238550389775158,
    0.17593718624371843,
    0.2683322801054362,
    0.26509952929719305,
    0.240055752711028,
    0.19038162688626334,
    0.207109627932286,
    0.2058798091212625,
    0.21334992600229338,
    0.1822338370244148,
    0.19058713252496745,
    0.18664438243910245,
    0.19310511453135248,
    0.20707412688235044,
    0.17483560491856442,
    0.18402381186806474,
    0.1841912902483715,
    0.17868001889884755,
    0.18162340225426193,
    0.18505708215688138
  ],
  "times": [
    59,
    94,
    476,
    600,
    1044,
    1454,
    1175,
    917,
    1143,
    983,
    974,
    992,
    709,
    904,
    876,
    732,
    685,
    584,
    665,
    688,
    773,
    683,
    778,
    729,
    728,
    614,
    697,
    640,
    685,
    634
  ]
}