{
  "scores": [
    -6.350333333333334,
    -6.145625,
    -6.6426,
    -6.9131,
    -7.0844000000000005,
    -7.563000000000001,
    -7.4849000000000006,
    -7.5578,
    -7.6405,
    -7.7983,
    -7.7555000000000005,
    -7.947000000000001,
    -8.1031,
    -8.1666,
    -7.9059,
    -7.8344000000000005,
    -7.9509,
    -8.1435,
    -8.185600000000003,
    -8.1142,
    -8.071900000000001,
    -8.0656,
    -8.1379,
    -8.108,
    -8.1986,
    -8.2066,
    -8.181899999999999,
    -8.2165,
    -8.218900000000001,
    -8.209599999999998
  ],
  "qeds": [
    0.5782205495487581,
    0.6723187855106407,
    0.6906960013845901,
    0.6773835577009326,
    0.7026892250231646,
    0.7422547960897775,
    0.7122285296303383,
    0.7030518504005284,
    0.6848961426002218,
    0.7341985680920085,
    0.721430850338363,
    0.7106175691067353,
    0.7250952117395295,
    0.7391622138627673,
    0.7381490735808794,
    0.7407300422693665,
    0.7188351075484775,
    0.6006098022400301,
    0.5925132768827452,
    0.6344288366639661,
    0.5715441161107151,
    0.5521369744991173,
    0.5777994904847787,
    0.5324845148334583,
    0.5466391849437354,
    0.5979767004356064,
    0.5358215927894812,
    0.5041225049818647,
    0.5797888208130659,
    0.5428674628561294
  ],
  "sas": [
    1.8248382741482487,
    2.401107810358393,
    2.163060979608426,
    2.1224229293967953,
    2.1894503237914655,
    2.636887243298454,
    2.330716814249128,
    2.617630798119151,
    2.302471762175028,
    2.5577919796895485,
    2.575090282780709,
    2.581958042741121,
    2.5868158514511714,
    2.630032443325658,
    2.7197189130278945,
    2.365158933677636,
    2.4388699643891085,
    2.6557754557224644,
    2.6030222640357374,
    2.625977598927617,
    2.5066686607118567,
    2.543631491349835,
    2.600438456746801,
    2.6760213498013483,
    2.496139868342676,
    2.3849195263227836,
    2.480723720930782,
    2.5257528445078776,
    2.8240364079001496,
    2.6278948154069957
  ],
  "sims": [
    0.44467546480743686,
    0.25567802965831193,
    0.2665403552704714,
    0.2034645603993636,
    0.20859468048479196,
    0.15934213773075923,
    0.17672925187345276,
    0.1581660036847216,
    0.17512944122741267,
    0.18150101765780813,
    0.17152332388470287,
    0.17825358677257724,
    0.16327077464129808,
    0.14463114421488718,
    0.14549872131635117,
    0.2270944545219941,
    0.22678839852690325,
    0.19068911777862643,
    0.20150476976734036,
    0.21691150192725991,
    0.23444432905566653,
    0.22608933028716124,
    0.2064984719418866,
    0.20487206099758365,
    0.19508225529714057,
    0.1972220586914721,
    0.20276710030124329,
    0.19519090914765597,
    0.19463258396965133,
    0.19890806024507907
  ],
  "times": [
    2,
    15,
    31,
    71,
    105,
    133,
    143,
    149,
    152,
    159,
    162,
    158,
    157,
    150,
    152,
    163,
    162,
    151,
    152,
    157,
    159,
    166,
    153,
    164,
    156,
    169,
    175,
    165,
    167,
    167
  ]
}