{
  "scores": [
    -3.9442572203180273,
    -4.252347831088196,
    -6.4289811467507265,
    -7.755912082115991,
    -8.2098812403334,
    -8.461734958699136,
    -8.218569355461758,
    -8.399658855484702,
    -8.493022755052444,
    -8.855105986117403,
    -8.77243661523972,
    -9.28334792790665,
    -8.904509191990604,
    -9.08850033635711,
    -9.498665463913998,
    -9.304358558843358,
    -9.088821352146235,
    -9.506260497152338,
    -9.346309540185224,
    -9.388452389781682,
    -9.281124225253983,
    -9.367065253102194,
    -9.379560169103915,
    -9.384354393418754,
    -9.559724701164072,
    -9.559724701164072,
    -9.598905861527236,
    -9.75813224945825,
    -9.769263454615459,
    -9.804641397703861
  ],
  "qeds": [
    0.6433601433665624,
    0.6853868812100646,
    0.684798647118157,
    0.7605291737601145,
    0.7391780003477499,
    0.7838022757390568,
    0.7335350481237366,
    0.7541626881884993,
    0.7117587141846988,
    0.7549933609454745,
    0.7369980369711251,
    0.8087753122860233,
    0.7052166468926279,
    0.6913751256992604,
    0.7758115403724221,
    0.715375025411751,
    0.7467259527186358,
    0.769802455529198,
    0.7290063752719536,
    0.6922595211040659,
    0.6647042715521814,
    0.6547616540874797,
    0.6667586239323801,
    0.6628498939315437,
    0.6548206636351565,
    0.6548206636351565,
    0.6509119336343201,
    0.6276986930007358,
    0.6248192869898229,
    0.6189848316322254
  ],
  "sas": [
    2.130520041878088,
    2.5215258513092715,
    2.4863327839598655,
    2.2029003573364627,
    2.295091968410456,
    2.4348289616288192,
    2.3505760973703604,
    2.511492555667585,
    2.499850367857706,
    2.40527865360838,
    2.4010254566823312,
    2.5656898259119574,
    2.556611018001319,
    2.600314717589648,
    2.473700027429227,
    2.6438006393920133,
    2.532168842028267,
    2.568127214425807,
    2.4880651156558216,
    2.5158304627221004,
    2.4623422350430153,
    2.4718587241855703,
    2.4635772600561365,
    2.5476752482218172,
    2.5454790119436743,
    2.5454790119436743,
    2.6007446924170474,
    2.652412605704984,
    2.73669616723479,
    2.7277185340986954
  ],
  "sims": [
    0.5750624842080652,
    0.2826070484845962,
    0.18001741600702748,
    0.1476736841529806,
    0.16518791766872715,
    0.14774759236107177,
    0.17615221650511428,
    0.15491213622462274,
    0.20983723039480137,
    0.22172017097096375,
    0.2362651622024617,
    0.15695511766562437,
    0.19918592349314315,
    0.18459616944245344,
    0.1634079909850465,
    0.17641163348454875,
    0.20823170219617496,
    0.21616362425403085,
    0.22425375058577832,
    0.21570342175880608,
    0.24446139532267513,
    0.23254465709014735,
    0.22544981808982428,
    0.2390899014528897,
    0.22642549277032503,
    0.22642549277032503,
    0.23141602020911406,
    0.22659844322992231,
    0.22310055952942148,
    0.2213869210731775
  ],
  "times": [
    1,
    148,
    308,
    232,
    357,
    286,
    290,
    309,
    257,
    380,
    312,
    263,
    292,
    292,
    290,
    273,
    227,
    347,
    342,
    283,
    329,
    402,
    355,
    292,
    221,
    327,
    245,
    223,
    225,
    219
  ]
}