{
  "scores": [
    -3.913316764739623,
    -3.9218590921159686,
    -5.258359658552303,
    -6.713425183569764,
    -7.948775532819044,
    -8.136861909269133,
    -8.747120064337988,
    -8.63231799307183,
    -8.637485963471365,
    -8.575526841564612,
    -8.608579665328346,
    -8.607448498676693,
    -8.246969773775707,
    -8.870082629964429,
    -8.767435558693546,
    -8.817490888438488,
    -8.914558712894301,
    -9.018069190602422,
    -9.062305999925446,
    -9.189196622047177,
    -9.342271468574278,
    -9.30834892671807,
    -9.35761380198699,
    -9.398485937268163,
    -9.600515924070598,
    -9.673208919251277,
    -9.67471924986383,
    -9.664683966977138,
    -9.679951583826547,
    -9.679951583826547
  ],
  "qeds": [
    0.6218988985484453,
    0.6545911476096876,
    0.6523603346706132,
    0.634042020555589,
    0.6929765970571593,
    0.7151609944662398,
    0.641411408333252,
    0.6636099439207647,
    0.6740784020736073,
    0.6319479676328068,
    0.6959611596151529,
    0.7003286207942744,
    0.7081412700571936,
    0.6879852351146817,
    0.6686317836705872,
    0.6766593508249854,
    0.6410116955335299,
    0.6401724757053957,
    0.6630116212629373,
    0.6672552090535951,
    0.6333736396351808,
    0.6334459182435256,
    0.6496926089239314,
    0.6222516789936138,
    0.62129130410634,
    0.6109381307786905,
    0.6295433353746297,
    0.6235607529689361,
    0.6318165197241118,
    0.6318165197241118
  ],
  "sas": [
    1.8216841203020941,
    1.9290131335846177,
    2.5573337174203195,
    2.371172050115135,
    2.326174863993272,
    2.2699381843942383,
    2.2010486022598466,
    2.351083908075787,
    2.2927644156074765,
    2.39989456481949,
    2.4049166690283057,
    2.6245675346975204,
    2.376786193392261,
    2.409683057500189,
    2.4865961172824824,
    2.474043136723426,
    2.4612466810658002,
    2.548752320206762,
    2.497129858730749,
    2.5397575510384414,
    2.616828158880523,
    2.6608889315472597,
    2.566719068970401,
    2.526323946716591,
    2.6470710279907315,
    2.6655423733433663,
    2.710602876441219,
    2.654043454026234,
    2.7070881715711126,
    2.7070881715711126
  ],
  "sims": [
    0.5812939561122294,
    0.34528660207342826,
    0.19971493442059918,
    0.21087184080521787,
    0.2357325651549494,
    0.21100070630570297,
    0.18941363439232575,
    0.17109726933487307,
    0.18756374166572273,
    0.16701522511614733,
    0.1776150579852454,
    0.19028705571452603,
    0.21366430518269217,
    0.17828724160212814,
    0.19687249931021386,
    0.20791527930881437,
    0.20156392001285361,
    0.21131586275631814,
    0.2144764545714774,
    0.20016608404164446,
    0.19239447175835644,
    0.1903879266068787,
    0.19132158690312362,
    0.18702221553219772,
    0.20484516003351297,
    0.1974933135027437,
    0.20733536089602497,
    0.20602810743229233,
    0.1992546204031065,
    0.1992546204031065
  ],
  "times": [
    59,
    70,
    105,
    167,
    468,
    360,
    543,
    286,
    284,
    419,
    442,
    279,
    264,
    369,
    343,
    304,
    299,
    301,
    227,
    338,
    299,
    290,
    346,
    255,
    221,
    347,
    347,
    356,
    366,
    359
  ]
}