{
  "scores": [
    -6.428,
    -6.410499999999999,
    -6.7776,
    -7.0693,
    -7.2515,
    -7.363199999999999,
    -7.341499999999999,
    -7.545100000000001,
    -7.742100000000001,
    -7.6714,
    -7.7816,
    -7.9751,
    -7.813799999999999,
    -7.733700000000001,
    -7.9611,
    -7.930899999999999,
    -8.035900000000002,
    -8.0218,
    -8.092600000000001,
    -8.093300000000001,
    -8.014700000000001,
    -8.2208,
    -8.167300000000001,
    -8.152999999999999,
    -8.0339,
    -8.069500000000001,
    -8.057100000000002,
    -7.8962,
    -8.1209,
    -8.1635
  ],
  "qeds": [
    0.5094064947142196,
    0.6579612977371795,
    0.6514235504818824,
    0.6927012811380308,
    0.7024867962445466,
    0.6839261717231527,
    0.6786004065976486,
    0.7149308716689037,
    0.7154243558522226,
    0.6889917975319141,
    0.6867068789384241,
    0.6365161353487506,
    0.6232439128099712,
    0.6494467104188656,
    0.633946393527847,
    0.6380407647286305,
    0.6575627712864971,
    0.634868840160781,
    0.627268371942175,
    0.6344847731240033,
    0.6362251002471554,
    0.6623363254821196,
    0.6821391027501527,
    0.6741988150249709,
    0.6775418358428671,
    0.6415661420014984,
    0.6259158152765498,
    0.628602499695562,
    0.5994661600998905,
    0.6499484355606591
  ],
  "sas": [
    2.1329451972251716,
    2.2334658712637983,
    2.479700710116007,
    2.519030182666359,
    2.405357130964047,
    2.2923190293724973,
    2.37493449777692,
    2.432886340019639,
    2.326612421151857,
    2.402427955000733,
    2.3465729652721876,
    2.5269757005969256,
    2.2565559075175243,
    2.253002816176001,
    2.4518760412938976,
    2.4563689478180115,
    2.4663515770847275,
    2.2690575769349097,
    2.2988953495731477,
    2.3281998880346864,
    2.181708942415816,
    2.4343528804777543,
    2.489706061702594,
    2.5633747574152728,
    2.420551922617513,
    2.3560484604854914,
    2.27356497922783,
    2.338720945059678,
    2.3922729255946367,
    2.505291792016183
  ],
  "sims": [
    0.585632183908046,
    0.38442635204782977,
    0.33984868798739737,
    0.16796691559658014,
    0.1885760361206351,
    0.19235299426387004,
    0.21542635553954254,
    0.20069190103001505,
    0.1795420523516355,
    0.1757960469483404,
    0.19404810331310357,
    0.22408015284268618,
    0.2414904821398817,
    0.27101613012422615,
    0.26480106793885944,
    0.26042934083258573,
    0.3000636929675106,
    0.30286796498135826,
    0.26902907402739895,
    0.3081706652928581,
    0.31988723627993837,
    0.2626079818469735,
    0.2665876635597916,
    0.20977814453525556,
    0.2913585384118857,
    0.288092981532388,
    0.301669765438387,
    0.3052731095799284,
    0.33402179010201644,
    0.2888301549564578
  ],
  "times": [
    2,
    13,
    37,
    60,
    100,
    161,
    160,
    156,
    173,
    168,
    168,
    163,
    168,
    161,
    154,
    163,
    174,
    167,
    170,
    164,
    157,
    158,
    177,
    167,
    167,
    168,
    165,
    160,
    160,
    155
  ]
}