{
  "scores": [
    -6.260666666666666,
    -6.301800000000001,
    -6.850699999999999,
    -6.957300000000001,
    -7.2152,
    -7.5455,
    -7.5625,
    -7.578099999999999,
    -7.684599999999999,
    -7.4866,
    -7.765600000000001,
    -7.598999999999999,
    -7.715799999999999,
    -7.6178,
    -7.6273,
    -7.6591999999999985,
    -7.603799999999998,
    -7.636,
    -7.735200000000001,
    -7.866999999999999,
    -7.863899999999999,
    -7.8848,
    -7.8835999999999995,
    -7.8449,
    -7.887600000000002,
    -7.987,
    -7.945600000000001,
    -7.945600000000001,
    -8.0124,
    -8.0017
  ],
  "qeds": [
    0.632239565791474,
    0.6781692409164901,
    0.7067832887216577,
    0.6891353149192115,
    0.6987601874431273,
    0.6946270534189416,
    0.6124104645123121,
    0.6505710383748895,
    0.6293010377762375,
    0.6614279940231461,
    0.5712532494491668,
    0.5766063859652729,
    0.7091299709007199,
    0.671041963258576,
    0.6825348856825884,
    0.7248716025572564,
    0.7464825907354129,
    0.742469420386962,
    0.70448111392417,
    0.7328206174435256,
    0.7409960067767396,
    0.7216359771029588,
    0.7236322334397669,
    0.7124621131467054,
    0.7223739432184356,
    0.7283457829527261,
    0.7319832034351685,
    0.7319832034351685,
    0.7406188458519207,
    0.735848486032569
  ],
  "sas": [
    2.098680118300855,
    2.2692248575628895,
    2.3524617173685605,
    2.4535143102372095,
    2.3179341973948953,
    2.4755585902631507,
    2.657193301852827,
    2.4305767114528236,
    2.4748344041572254,
    2.4558270542903182,
    2.2167652120369965,
    2.340157825393608,
    2.4323448197567963,
    2.647665619316798,
    2.60838629823009,
    2.509598633555487,
    2.6200738983796743,
    2.61168143490394,
    2.66788273938743,
    2.6859571707203758,
    2.768592292307688,
    2.843426232443395,
    2.838403402274536,
    2.8348941170587794,
    2.8118306634732093,
    2.858197156480604,
    2.7962969102515207,
    2.7962969102515207,
    2.822354976796914,
    2.8015035433080016
  ],
  "sims": [
    0.5547511797511797,
    0.36722764002756875,
    0.25851904493570343,
    0.2673480547546906,
    0.22287483439963776,
    0.16623582959155445,
    0.18036226372049766,
    0.15576902287424213,
    0.13401285388070397,
    0.1562561918432873,
    0.11697294562118359,
    0.1421241035649374,
    0.14924350984314083,
    0.18115865559982797,
    0.18335782553149876,
    0.20167335159396113,
    0.25156468669831644,
    0.23184676677251082,
    0.23585132865480932,
    0.2202802460411244,
    0.221750365080918,
    0.23018333813866568,
    0.23391040455378062,
    0.2358929411120824,
    0.24167568088335373,
    0.2408259637449385,
    0.24510514318780804,
    0.24510514318780804,
    0.2513551636288556,
    0.2481635944595649
  ],
  "times": [
    1,
    13,
    42,
    84,
    144,
    152,
    165,
    213,
    146,
    140,
    143,
    137,
    195,
    171,
    153,
    137,
    171,
    140,
    149,
    163,
    155,
    147,
    145,
    139,
    146,
    154,
    146,
    152,
    151,
    152
  ]
}