{
  "scores": [
    -6.4595,
    -6.5954,
    -6.7548,
    -7.1929,
    -7.7017,
    -7.7634,
    -7.820199999999998,
    -7.839499999999998,
    -7.935900000000001,
    -8.0533,
    -8.1257,
    -8.1007,
    -8.0508,
    -8.089,
    -8.1568,
    -8.1772,
    -8.113199999999999,
    -8.2822,
    -8.107999999999999,
    -8.2035,
    -8.203,
    -8.2486,
    -8.3388,
    -8.3624,
    -8.3874,
    -8.3803,
    -8.4207,
    -8.3405,
    -8.3552,
    -8.4538
  ],
  "qeds": [
    0.6750761840945638,
    0.6692983859713276,
    0.6680037987988087,
    0.6336543770086203,
    0.6408578417122438,
    0.6900615375696791,
    0.6483636529435217,
    0.6481929903403095,
    0.641163251426668,
    0.6604554844762888,
    0.6822918098340698,
    0.6768058941596159,
    0.7018118757439834,
    0.6671566292165695,
    0.700084526034216,
    0.6735826821122224,
    0.6521744302508854,
    0.7269529101215542,
    0.6740727471703711,
    0.6348483622264249,
    0.6428921045307735,
    0.5946178635369799,
    0.5911559793666863,
    0.5323897772153289,
    0.5579708405074377,
    0.542135412166547,
    0.570389152973981,
    0.5553531753991382,
    0.5714400525190226,
    0.610419103239112
  ],
  "sas": [
    1.9662056572627038,
    2.270632312779732,
    2.124282858329363,
    2.385220305154248,
    2.160586222968705,
    2.2701127932921583,
    2.309526121310129,
    2.1745553606948533,
    2.1687965564997995,
    2.246535578022145,
    2.452829381317959,
    2.5995379961152603,
    2.4956748760343443,
    2.5317367769399595,
    2.524835829661126,
    2.4174291049174794,
    2.4772143017207275,
    2.651793986340202,
    2.6410467256043564,
    2.7278219562559,
    2.6396053983458847,
    2.6380018089285464,
    2.674557095515263,
    2.6946331338370855,
    2.648427099216647,
    2.626563325521519,
    2.6637920911744706,
    2.653574445478493,
    2.5565974514546377,
    2.646914922968157
  ],
  "sims": [
    0.4764881389541715,
    0.3313293121819768,
    0.2808607354031508,
    0.24329235485981413,
    0.2761533220350893,
    0.26563082945144567,
    0.3359769754155602,
    0.3736713504095889,
    0.3897760779063274,
    0.354864503803486,
    0.31810566749180463,
    0.3168235931307671,
    0.2824539376625531,
    0.2986616040036888,
    0.2750951978494893,
    0.30999134869907186,
    0.3583938489827269,
    0.267157768227083,
    0.3591273788243222,
    0.3136171905297048,
    0.3522578442390505,
    0.40530660203145497,
    0.3500424524024014,
    0.3906577237234823,
    0.36881098850864485,
    0.377843219342918,
    0.3604113368988327,
    0.405679609296285,
    0.41395544645175014,
    0.330150085920367
  ],
  "times": [
    2,
    18,
    130,
    88,
    216,
    148,
    151,
    164,
    157,
    159,
    162,
    164,
    148,
    152,
    147,
    162,
    158,
    157,
    157,
    157,
    153,
    223,
    230,
    419,
    171,
    179,
    168,
    179,
    178,
    248
  ]
}