{
  "scores": [
    -6.61525,
    -6.809099999999999,
    -7.1146,
    -7.190300000000001,
    -7.6293999999999995,
    -7.650500000000001,
    -7.845800000000001,
    -7.894,
    -7.9328,
    -8.0872,
    -8.153000000000002,
    -8.0464,
    -8.0235,
    -8.109100000000002,
    -8.2909,
    -8.2578,
    -8.1537,
    -8.2315,
    -8.0974,
    -8.1229,
    -8.0845,
    -8.138099999999998,
    -8.2304,
    -8.3014,
    -8.195500000000001,
    -8.1797,
    -8.2347,
    -8.3477,
    -8.189200000000001,
    -8.2964
  ],
  "qeds": [
    0.6270942975830608,
    0.663302608427959,
    0.6901888303981272,
    0.6846861120810683,
    0.7055460645992857,
    0.6384686801366031,
    0.6867778169836475,
    0.7241789368203598,
    0.744622948598395,
    0.6962691026616276,
    0.7019268823739079,
    0.657498292216302,
    0.6855699525347387,
    0.6830146247374049,
    0.7166633353064539,
    0.7021339385855181,
    0.7137898549257109,
    0.6692607724475301,
    0.6390656058392413,
    0.6618576128053972,
    0.6981226439546251,
    0.6720701659933357,
    0.7136259554604916,
    0.7332620259313476,
    0.7364571187599502,
    0.6866105660825984,
    0.6983954555711521,
    0.7044637257809937,
    0.7009238788033987,
    0.6685127365327497
  ],
  "sas": [
    1.986243120302095,
    2.270933734116851,
    2.5064978095310395,
    2.3196079570439565,
    2.5212203040531995,
    2.425669289532002,
    2.3953389560855847,
    2.5460136449843476,
    2.4567582411549926,
    2.607786129221818,
    2.5749221979698826,
    2.4838592654273435,
    2.557593161102086,
    2.6133782573772537,
    2.6315525137630105,
    2.6290624925609754,
    2.525982529306625,
    2.492351082524248,
    2.7030139591296374,
    2.601954885910035,
    2.5757267498604444,
    2.6233525592179263,
    2.580300626899203,
    2.4853068373363856,
    2.414330140556421,
    2.5877318974963828,
    2.515826142207998,
    2.560020589889334,
    2.546681896705799,
    2.6234674462381626
  ],
  "sims": [
    0.6441131750949168,
    0.44756110742192057,
    0.2457116629472512,
    0.279250270801641,
    0.251452314999029,
    0.2548333542196197,
    0.2996780976095019,
    0.26341055134741853,
    0.28534246239648897,
    0.23509376032935939,
    0.21093834733026892,
    0.27094145386683327,
    0.25330820568156953,
    0.2287353585154667,
    0.15670450244359538,
    0.17647015639904212,
    0.20913239727334365,
    0.22020012847865522,
    0.22923021686238446,
    0.2146652200913338,
    0.19576358606988165,
    0.20008440972689004,
    0.18596438364493947,
    0.21142791261319985,
    0.2204254325141087,
    0.19804288529602748,
    0.19858126491112976,
    0.19088462078927243,
    0.17571325606302354,
    0.16808348232544343
  ],
  "times": [
    1,
    25,
    124,
    88,
    152,
    158,
    165,
    159,
    171,
    147,
    146,
    144,
    139,
    141,
    157,
    147,
    177,
    148,
    145,
    150,
    147,
    147,
    153,
    151,
    151,
    139,
    142,
    146,
    149,
    141
  ]
}