{
  "scores": [
    -6.077333333333333,
    -5.939777777777778,
    -6.2379,
    -6.3799,
    -6.405000000000001,
    -6.4667,
    -6.5328,
    -6.6884999999999994,
    -7.0252,
    -7.184299999999999,
    -7.074900000000001,
    -7.1942,
    -7.1503,
    -7.0543000000000005,
    -7.2186,
    -7.272500000000001,
    -7.3845,
    -7.3897,
    -7.417999999999999,
    -7.4571999999999985,
    -7.457299999999999,
    -7.4841,
    -7.4841,
    -7.5057,
    -7.540199999999999,
    -7.629299999999999,
    -7.638800000000001,
    -7.7712,
    -7.9041000000000015,
    -8.0504
  ],
  "qeds": [
    0.7172914399522651,
    0.6883843405059306,
    0.6620083274961532,
    0.7012956472148478,
    0.7040113724264336,
    0.7081656845839513,
    0.7660367391499023,
    0.7013754932371984,
    0.7562341115233421,
    0.7302322449604117,
    0.6809681861781839,
    0.663071338278149,
    0.5385776607352517,
    0.6310448402857444,
    0.47810280461237326,
    0.4361949163732498,
    0.5269161868894312,
    0.4971253260122843,
    0.4801001853586623,
    0.4702312536820723,
    0.4493292938339829,
    0.48550749545130695,
    0.48550749545130695,
    0.47203533538440035,
    0.5045059983125497,
    0.5021615486593626,
    0.5067315608850469,
    0.47378330829885673,
    0.4847820461206892,
    0.45671006420432986
  ],
  "sas": [
    2.360303195223932,
    2.1851567726962386,
    2.1286966258241717,
    2.1258224212524537,
    2.317591800286374,
    2.1961356088955144,
    2.429255131972438,
    2.567806419006133,
    2.30048997285995,
    2.542713744791932,
    2.6811044270596645,
    2.787010278681307,
    2.727037543596466,
    2.678106110618371,
    2.852463323882452,
    2.957965595757637,
    2.7249642812108386,
    2.826772719748294,
    2.7983249155524903,
    2.7091518957145184,
    2.8069438262837516,
    2.7630588466624006,
    2.7630588466624006,
    2.7590889958465503,
    2.7275217447889473,
    2.716440793739996,
    2.6309214091246114,
    2.5303761509837246,
    2.632673302224103,
    2.636622956151673
  ],
  "sims": [
    0.5105531295487628,
    0.4748335531837244,
    0.39045083459036733,
    0.2478171451695949,
    0.2765167582180705,
    0.29216493741830657,
    0.2447347948378215,
    0.16165648547717565,
    0.15762120205439617,
    0.1640858415682434,
    0.1671141411323906,
    0.17202454858823782,
    0.18962703155711935,
    0.18443555559023952,
    0.18527729000150175,
    0.18548515611525745,
    0.18257458783863173,
    0.1874447023201235,
    0.18580711194204547,
    0.18043274613092905,
    0.19030018503822924,
    0.19379446221066543,
    0.19379446221066543,
    0.18779567548217396,
    0.18693789698450464,
    0.18739694795953848,
    0.18654841607491812,
    0.19361190034742465,
    0.195557163971095,
    0.19476425138565415
  ],
  "times": [
    7,
    5,
    57,
    226,
    328,
    574,
    572,
    651,
    637,
    709,
    659,
    853,
    1033,
    1366,
    1643,
    1981,
    1956,
    1869,
    1858,
    2359,
    1986,
    2023,
    2049,
    1953,
    2098,
    2047,
    2008,
    1955,
    1946,
    1976
  ]
}