{
  "scores": [
    -6.741,
    -6.529285714285714,
    -6.643600000000001,
    -7.006,
    -7.187099999999999,
    -7.1668,
    -7.562399999999999,
    -7.509399999999999,
    -7.568599999999999,
    -7.5829,
    -7.744800000000001,
    -7.872300000000001,
    -7.8506,
    -7.8837,
    -7.9917,
    -7.8927000000000005,
    -7.875100000000001,
    -7.757199999999999,
    -7.9497,
    -7.947100000000001,
    -7.8223,
    -7.8850999999999996,
    -7.865199999999999,
    -7.8533,
    -7.8991,
    -7.9062,
    -7.8877,
    -7.8775,
    -7.838799999999999,
    -7.8812
  ],
  "qeds": [
    0.6862509072112251,
    0.7212439889662309,
    0.7117917093151853,
    0.7241908104601535,
    0.6779869138613556,
    0.7127231891521811,
    0.7402238442385909,
    0.7272143115441688,
    0.6509365290763709,
    0.677012003693648,
    0.6458233908530995,
    0.6730135184157591,
    0.6921439406469816,
    0.6551380797411873,
    0.6517056467239172,
    0.6535332900253634,
    0.6785552884678061,
    0.6324948243255605,
    0.6302502665012826,
    0.6324609129912664,
    0.6203455155527606,
    0.7134608582340498,
    0.6853989354341959,
    0.6220704413477638,
    0.6754526224887198,
    0.6336529821940624,
    0.5895408033765193,
    0.6288364470990461,
    0.6085082207043107,
    0.6048014422037697
  ],
  "sas": [
    1.9541885788386972,
    2.2688180062642562,
    2.2703085672324983,
    2.353412274210159,
    2.582888964933119,
    2.55448355575624,
    2.460599887165074,
    2.5543773712361793,
    2.58423704111305,
    2.591443448533898,
    2.5583227328652747,
    2.624274805580311,
    2.6937022303736673,
    2.6316689739548584,
    2.697397083304252,
    2.6386637812060334,
    2.6462512087651016,
    2.7268532303128716,
    2.7575446017199776,
    2.875488956760089,
    2.903309627914253,
    3.0573658692557704,
    2.726788205777509,
    2.806844772043634,
    2.7510087144218893,
    2.850986865995639,
    2.831572601997704,
    2.685358331918426,
    2.792984337170477,
    2.749452969674818
  ],
  "sims": [
    0.5913312693498451,
    0.33128426789159376,
    0.3292758355652279,
    0.21200567150929336,
    0.18115596878799792,
    0.18519816721634366,
    0.19006093993680317,
    0.21391475335898397,
    0.22220300547037408,
    0.21060393062193805,
    0.2138444131418963,
    0.21770948506948423,
    0.20564292479749305,
    0.18164505345287643,
    0.20040329158219516,
    0.20043703104000016,
    0.1773897178074923,
    0.2252045499058864,
    0.22465169952699743,
    0.22274579933892755,
    0.2091995718376817,
    0.18794468235468081,
    0.22887938944697672,
    0.2464041029735648,
    0.2361210702711817,
    0.23269393512371567,
    0.24887878118613313,
    0.231451517605289,
    0.2564666765481526,
    0.25394495022616115
  ],
  "times": [
    1,
    5,
    34,
    58,
    86,
    150,
    172,
    159,
    161,
    167,
    153,
    154,
    152,
    157,
    156,
    151,
    153,
    140,
    153,
    144,
    161,
    156,
    157,
    153,
    152,
    146,
    146,
    150,
    156,
    150
  ]
}