{
  "scores": [
    -6.1305,
    -6.062600000000001,
    -6.5685,
    -6.700399999999999,
    -7.191,
    -7.2902000000000005,
    -7.169900000000001,
    -7.2741,
    -7.3482,
    -7.6304,
    -7.597800000000001,
    -7.7040999999999995,
    -7.8131,
    -7.696300000000001,
    -7.8494,
    -7.7682,
    -7.8899,
    -7.981400000000001,
    -8.0153,
    -7.984900000000001,
    -8.030600000000002,
    -8.163999999999998,
    -8.1354,
    -8.1481,
    -8.1882,
    -8.1141,
    -8.1272,
    -8.136000000000001,
    -8.1714,
    -8.1889
  ],
  "qeds": [
    0.6858303046503921,
    0.7126306759101576,
    0.6621326211449086,
    0.668913348099198,
    0.694271497647968,
    0.7090790324038615,
    0.6714165105692167,
    0.6738153933632153,
    0.6899533218608866,
    0.6751966683885935,
    0.6365567152323461,
    0.6426078146122329,
    0.6733350869665583,
    0.6334168439776471,
    0.6592631421401495,
    0.6048775193706978,
    0.6192997226143534,
    0.6198841195210827,
    0.642533294539448,
    0.6616802102944156,
    0.6901098020786277,
    0.7038586583331513,
    0.7017876151820737,
    0.6972255125266589,
    0.6960368759312205,
    0.6843527845866078,
    0.6897326645085092,
    0.6584191506715531,
    0.6653677785297856,
    0.6771115469047007
  ],
  "sas": [
    2.1259314711342934,
    2.234839614757406,
    2.2994639855477614,
    2.4299130816571646,
    2.5132817558875185,
    2.62361140908824,
    2.265197581526646,
    2.359767204456856,
    2.284158796519784,
    2.137969601840389,
    1.9411311451240434,
    2.0689634523496023,
    2.2782186147138495,
    2.1104993824641243,
    2.3333495210075563,
    2.1384265674853298,
    2.4756485519023075,
    2.5605181097899816,
    2.575243754801168,
    2.3615599555003657,
    2.680974768654665,
    2.683187413598928,
    2.6053113548187112,
    2.7012891228015556,
    2.687483758008432,
    2.5744096691052194,
    2.5687828458784785,
    2.693115966148304,
    2.754137866298122,
    2.722880946028296
  ],
  "sims": [
    0.5618785100238282,
    0.4111735842937613,
    0.370387122724653,
    0.33189543593534554,
    0.19184630637488478,
    0.18492418614004252,
    0.18273997817805343,
    0.2247089842622112,
    0.23588821153161876,
    0.2493941012790057,
    0.29582593401052,
    0.32302172491925246,
    0.2608323791375974,
    0.309085663360579,
    0.27063768344346983,
    0.30927864718122555,
    0.2957895399896779,
    0.295160047666405,
    0.2911134782312367,
    0.2947367359608023,
    0.31049636872331676,
    0.26434171133036544,
    0.26385643085534266,
    0.2771541875764744,
    0.26896218173740527,
    0.32389551405387795,
    0.29911161181936086,
    0.26317637018438944,
    0.26391097931201885,
    0.26778155835004946
  ],
  "times": [
    1,
    14,
    35,
    70,
    133,
    202,
    148,
    141,
    147,
    138,
    136,
    137,
    135,
    152,
    158,
    155,
    146,
    146,
    145,
    151,
    144,
    141,
    154,
    147,
    144,
    145,
    143,
    147,
    144,
    133
  ]
}