{
  "scores": [
    -4.170916570951828,
    -6.0262299076621435,
    -7.926662392333415,
    -8.110863612249588,
    -8.35834334215904,
    -8.16806803048398,
    -8.879632352368077,
    -9.293365003580254,
    -8.79963706042166,
    -9.264751965756066,
    -9.367503141238712,
    -9.334321098936844,
    -9.313244214975228,
    -9.46109609830953,
    -9.503437888825493,
    -9.539558615726998,
    -9.604275991249015,
    -9.81607771894741,
    -9.842989553267511,
    -9.898475512095827,
    -9.898475512095827,
    -9.933681913660584,
    -9.91708771976846,
    -9.945730555845358,
    -9.980893855343023,
    -9.980893855343023,
    -9.959431981653468,
    -9.959431981653468,
    -9.959431981653468,
    -9.971755552974216
  ],
  "qeds": [
    0.6545668970394811,
    0.6722970057311567,
    0.6788707228509478,
    0.6477958094617836,
    0.6354949097337091,
    0.6650281137603425,
    0.6740096383750507,
    0.7109185522378119,
    0.6721037667179244,
    0.6989220373865452,
    0.6593700744812516,
    0.6544735189693581,
    0.6659007329103457,
    0.6447059453118331,
    0.6346881213931705,
    0.6062871415529434,
    0.5728181759475002,
    0.5967271441193501,
    0.5635934838667704,
    0.593732671157848,
    0.593732671157848,
    0.5653462734883947,
    0.5982522123498354,
    0.6198451819295757,
    0.6194536705442927,
    0.6194536705442927,
    0.6151788385930047,
    0.6151788385930047,
    0.6151788385930047,
    0.6225861812159947
  ],
  "sas": [
    2.16082659419912,
    2.4264003316595204,
    2.493505349661909,
    2.5871933280238246,
    2.5208715217849673,
    2.4854236500280704,
    2.5510441465055225,
    2.6428731987607685,
    2.7534719503458334,
    2.5001671812805695,
    2.532791344140816,
    2.5443673016568673,
    2.648891326112348,
    2.6704220263757485,
    2.650981114341969,
    2.63622905252856,
    2.6864346914429817,
    2.6328148808804963,
    2.6828731231359777,
    2.7318866110453923,
    2.7318866110453923,
    2.751227994483654,
    2.713438829980304,
    2.7403709122201687,
    2.7401138708000508,
    2.7401138708000508,
    2.716489599211073,
    2.716489599211073,
    2.716489599211073,
    2.71582079314888
  ],
  "sims": [
    0.49468678916634357,
    0.35249152605320055,
    0.2975544456941687,
    0.31914260475346473,
    0.27214789249616245,
    0.29412500177919826,
    0.26697526170183433,
    0.22768381658885145,
    0.264343218976408,
    0.21984352968883375,
    0.20956356928575617,
    0.2160552061848416,
    0.21991612444779385,
    0.20229664130953343,
    0.2014439055703018,
    0.20368478439183693,
    0.20992880692018784,
    0.21255712507894037,
    0.20581873930903766,
    0.20952632873521204,
    0.20952632873521204,
    0.21571711351371214,
    0.2138204906604657,
    0.21268457769016452,
    0.21329434591064333,
    0.21329434591064333,
    0.21437954699202016,
    0.21437954699202016,
    0.21437954699202016,
    0.2096154687706635
  ],
  "times": [
    2,
    140,
    250,
    662,
    568,
    564,
    857,
    922,
    994,
    1146,
    1263,
    1225,
    809,
    1128,
    838,
    932,
    1078,
    1073,
    721,
    903,
    1079,
    1223,
    1036,
    1163,
    1016,
    808,
    733,
    756,
    644,
    880
  ]
}