{
  "scores": [
    -6.436,
    -6.265000000000001,
    -6.931,
    -7.3420000000000005,
    -7.610600000000001,
    -7.6606000000000005,
    -7.8497,
    -7.655900000000001,
    -7.7047,
    -7.818900000000001,
    -7.8149,
    -7.902299999999999,
    -7.7333,
    -7.6985,
    -7.804499999999999,
    -7.980699999999999,
    -7.927199999999999,
    -8.124100000000002,
    -8.069300000000002,
    -7.963799999999999,
    -7.8988,
    -7.912999999999999,
    -8.046899999999999,
    -8.1457,
    -8.0452,
    -8.2163,
    -8.178099999999999,
    -8.287299999999998,
    -8.428,
    -8.252300000000002
  ],
  "qeds": [
    0.6838757970805719,
    0.6693309973907732,
    0.6222657664997755,
    0.6708950560593303,
    0.7011214800117396,
    0.663131361888922,
    0.636741673702932,
    0.6934491621181313,
    0.632092093230633,
    0.7299034790220722,
    0.6863158014497205,
    0.6506269175930813,
    0.6334522802088768,
    0.6670772903727751,
    0.6742489834288735,
    0.65792569163172,
    0.6497861364782345,
    0.688963651914299,
    0.7366082902119926,
    0.6736971019809309,
    0.6552487959240405,
    0.6841745022608395,
    0.667430520115573,
    0.6699472617389539,
    0.6481930463192931,
    0.7028254591574797,
    0.6733157379728679,
    0.6965180841399061,
    0.6978605466343366,
    0.704236304319334
  ],
  "sas": [
    2.0548828875316247,
    2.442238750242368,
    2.2977275031672852,
    2.3640845190737796,
    2.390183525011671,
    2.443114266757184,
    2.5618131083673257,
    2.595624271699915,
    2.715462790540101,
    2.5990502583770487,
    2.7653179639929286,
    2.7411421441660258,
    2.7362482965304595,
    2.660921350088983,
    2.7520385298300694,
    2.6204952429103274,
    2.6234261948752904,
    2.769224003507886,
    2.778187331295926,
    2.533178819289227,
    2.707658900367324,
    2.6245372154187954,
    2.5962558205242963,
    2.514857778519567,
    2.6230203658336726,
    2.71578684909242,
    2.831993657177135,
    2.606765099855654,
    2.7059915873150393,
    2.6616980962851384
  ],
  "sims": [
    0.4328235131247104,
    0.29293075783877354,
    0.33060194356504635,
    0.1997845590833169,
    0.1930590451771666,
    0.19910582331946935,
    0.1878678610716867,
    0.18373943581118782,
    0.18784672259562094,
    0.1994987412296232,
    0.2429913242423487,
    0.2128198568490392,
    0.2370241848764476,
    0.2509287700645304,
    0.23582191570105335,
    0.21919453097299132,
    0.24536108839773432,
    0.22680149941552763,
    0.20221781629613322,
    0.23907656805908056,
    0.25661778226226717,
    0.2216664368558657,
    0.238227218504692,
    0.2640269674475301,
    0.28721439836148155,
    0.2904335440334976,
    0.2904743796819511,
    0.30418410148029584,
    0.28098464126463496,
    0.29620393976741377
  ],
  "times": [
    10,
    15,
    36,
    86,
    159,
    161,
    164,
    158,
    224,
    228,
    157,
    148,
    159,
    155,
    151,
    159,
    158,
    171,
    222,
    155,
    154,
    148,
    223,
    158,
    164,
    154,
    161,
    240,
    229,
    223
  ]
}