{
  "scores": [
    -3.791842948235495,
    -4.288436336253182,
    -6.6517877636850145,
    -7.0349692194296525,
    -7.757053171642225,
    -7.898461479857829,
    -8.400327175621802,
    -8.96257415582273,
    -8.749252445348137,
    -8.567620027371573,
    -8.646793046270787,
    -8.283758052870263,
    -8.25057529475369,
    -8.407804281861598,
    -8.658107373199709,
    -8.522936022194532,
    -8.499501889355784,
    -8.76333567196794,
    -8.72106433983333,
    -8.664132075505279,
    -8.647731235320197,
    -8.540249697042878,
    -8.534956745979079,
    -8.43787597873931,
    -8.495640140805177,
    -8.537519840559897,
    -8.618883389836068,
    -8.695895540203981,
    -8.709199649315938,
    -9.004865292641817
  ],
  "qeds": [
    0.6936529215440402,
    0.704583995479149,
    0.7071845618563767,
    0.7194623929836252,
    0.66008725075756,
    0.7265340693160047,
    0.6919201553112392,
    0.674380217350468,
    0.7418727152773754,
    0.7542454542081463,
    0.7657731872930283,
    0.6732323107025631,
    0.7224430764134617,
    0.7555433394039179,
    0.6736802223592887,
    0.6756160715516012,
    0.7640591605200742,
    0.7312902105119174,
    0.753753341500235,
    0.7481884951590396,
    0.7627652476541467,
    0.759006175343012,
    0.7364000268850078,
    0.7152445170549919,
    0.7621473951304469,
    0.7544699778545547,
    0.7181671615972134,
    0.7416740089434957,
    0.7153100244927083,
    0.7408530788130301
  ],
  "sas": [
    2.144946783763633,
    2.379314150470954,
    2.3524541719504457,
    2.480977369690744,
    2.5755288854809857,
    2.4097910237988094,
    2.5604228242355007,
    2.760107107686974,
    2.5171720192969103,
    2.3330976285967964,
    2.385443049935156,
    2.6162839553569475,
    2.554876835697827,
    2.521543002741427,
    2.548698496793282,
    2.6671655294245733,
    2.6632853687077978,
    2.7494283683325533,
    2.7853935140558477,
    2.664888700624091,
    2.6141754510414197,
    2.698352249064056,
    2.740307340595218,
    2.6734864165009404,
    2.6420573174648756,
    2.63417117768448,
    2.7042329388374275,
    2.536463139539901,
    2.6366247088019397,
    2.743088336362393
  ],
  "sims": [
    0.49369306999944623,
    0.3367962345792643,
    0.22600686197145986,
    0.18874392722894504,
    0.23185448288825777,
    0.18649184831273688,
    0.20955795226842572,
    0.16919641186615947,
    0.16201622724848266,
    0.12468942946084564,
    0.13466641739056734,
    0.1481665369352743,
    0.16063053636094055,
    0.1709466067832009,
    0.1753211978086631,
    0.17086705550521886,
    0.16592075743398688,
    0.19238180783632214,
    0.21087004460937336,
    0.2142305993123732,
    0.22082314904751615,
    0.23218874953754728,
    0.2269813223944332,
    0.23048585442262262,
    0.2431613045930479,
    0.28150055917758954,
    0.25500922005726406,
    0.2954668052950418,
    0.24969452412897666,
    0.2629986170932103
  ],
  "times": [
    1,
    53,
    96,
    142,
    256,
    223,
    255,
    335,
    227,
    208,
    205,
    189,
    310,
    212,
    198,
    310,
    304,
    220,
    257,
    339,
    265,
    199,
    200,
    269,
    279,
    218,
    307,
    276,
    232,
    243
  ]
}