{
  "scores": [
    -4.13510191394052,
    -5.878897868767448,
    -7.537464453787637,
    -7.730943292820863,
    -8.239124249583515,
    -8.395129932450114,
    -8.501539883968153,
    -8.531112768919973,
    -8.594720193069385,
    -8.709782714311329,
    -8.502361530201336,
    -8.728555094652265,
    -8.877647510205172,
    -8.940264920920736,
    -8.73968036597119,
    -8.873651513815046,
    -9.06622957557996,
    -9.177248992301632,
    -9.291957001462173,
    -9.182663061231864,
    -9.302451264791634,
    -9.269065015142502,
    -9.25663010500304,
    -9.305421722555952,
    -9.241452468339599,
    -9.004611612616255,
    -9.061986015478384,
    -9.01594088635066,
    -8.993361144589716,
    -9.024207412683044
  ],
  "qeds": [
    0.6549642507618523,
    0.7239849491739618,
    0.7022826712128103,
    0.6750165623201235,
    0.8024061861394655,
    0.7781793982725749,
    0.6922960694299507,
    0.731412930488849,
    0.7119595299015269,
    0.7817408461468228,
    0.6493153272578438,
    0.6318702435843294,
    0.5955176049741042,
    0.6302263901713002,
    0.6853231838904692,
    0.6644325405363074,
    0.6325728754524812,
    0.6346568983116654,
    0.7058628410384571,
    0.7091381737089939,
    0.6711638707385117,
    0.6508173668648128,
    0.6107280887018842,
    0.598090359148526,
    0.6346138042622406,
    0.6629683588416599,
    0.6767471479065971,
    0.703713225686494,
    0.6698346950383294,
    0.6306475456629339
  ],
  "sas": [
    2.241370966455941,
    2.6323003251445116,
    2.7947214195429817,
    2.6236373176299352,
    2.6411986621775165,
    2.753091203386254,
    2.6472311666080897,
    2.7449227255116506,
    2.8208713503501577,
    2.819324851792153,
    2.7094487868082706,
    2.8007076607027015,
    2.7304188386266595,
    2.733446572065033,
    2.7665697892698966,
    2.764365564118441,
    2.8411292460694386,
    2.847623785104706,
    2.7200517686609507,
    2.8397967785868894,
    2.73572055416045,
    2.7226893788672824,
    2.8183201437994225,
    2.8704626744276505,
    2.8046469010043253,
    2.7671487257527363,
    2.720005122636344,
    2.7301738818601526,
    2.6772175140580905,
    2.780728441710856
  ],
  "sims": [
    0.454408366281774,
    0.291299706074367,
    0.25160272282964347,
    0.2563066452734958,
    0.24971242905084895,
    0.2975535785420477,
    0.27606435227862736,
    0.28816197769863094,
    0.28332051965595983,
    0.19369036003226286,
    0.3027673677458297,
    0.33384737862438474,
    0.35061588341819416,
    0.3645801212229209,
    0.36359223985354006,
    0.38013704789270564,
    0.3622916251040108,
    0.3398672546055426,
    0.2916308624673575,
    0.2994026448686439,
    0.30368748902047216,
    0.27230933383995526,
    0.2810949228610866,
    0.27676227825748945,
    0.2845663732187379,
    0.3361055448682634,
    0.3218662416958087,
    0.316069583006348,
    0.3194592087264871,
    0.3221582697166292
  ],
  "times": [
    2,
    198,
    530,
    961,
    894,
    909,
    964,
    1149,
    795,
    1005,
    1317,
    830,
    780,
    925,
    790,
    831,
    958,
    883,
    945,
    1292,
    1150,
    1298,
    1298,
    871,
    1228,
    1208,
    1395,
    1191,
    1257,
    1250
  ]
}