{
  "scores": [
    -6.018400000000001,
    -5.9973,
    -6.4156,
    -6.5436000000000005,
    -6.880199999999999,
    -6.828100000000001,
    -6.8605,
    -7.1589,
    -7.184400000000001,
    -7.2947999999999995,
    -7.1548,
    -7.1524,
    -7.0982,
    -7.161499999999999,
    -7.474200000000001,
    -7.5431,
    -7.5089,
    -7.689400000000001,
    -7.7707999999999995,
    -7.8962,
    -7.795,
    -7.641299999999999,
    -7.8103,
    -7.8313999999999995,
    -7.9131,
    -7.944800000000001,
    -7.8961,
    -7.8857,
    -8.2559,
    -8.093
  ],
  "qeds": [
    0.6821245040157103,
    0.6904025175132402,
    0.6922023729479508,
    0.7060262010567414,
    0.6890022743287295,
    0.681143992766267,
    0.6943055243871521,
    0.6400856401562909,
    0.6125632755457245,
    0.5988821247880232,
    0.4924458640137662,
    0.5083273924781999,
    0.5084862174243782,
    0.5696828730013944,
    0.6105675583278127,
    0.629717773333727,
    0.7271836253492936,
    0.6196503447226689,
    0.6834633842278921,
    0.7297175530359385,
    0.7521596123722369,
    0.7474639814189559,
    0.7522116923464572,
    0.7893973903406717,
    0.7625252532208898,
    0.7780647268993006,
    0.7827636685039987,
    0.7756400637091054,
    0.7960735155668643,
    0.7789999810385388
  ],
  "sas": [
    2.208864281840556,
    2.2857228630986626,
    2.543734316802965,
    2.440705033587127,
    2.745064452356541,
    2.687606103210014,
    2.6684859424530636,
    2.60760446704426,
    2.625336482202733,
    2.642230113419595,
    2.5581201925605725,
    2.766778734042334,
    2.760593306324197,
    2.74141795141603,
    2.6333692475174075,
    2.6490926727285435,
    2.594380536287018,
    2.4654462928927616,
    2.583856656283866,
    2.5245273184921397,
    2.592730814671981,
    2.6130545221120496,
    2.494363260573588,
    2.4442670343292443,
    2.5220894777681577,
    2.7330424997922207,
    2.722442449713859,
    2.7967476892234897,
    2.896443323922004,
    2.719028210799832
  ],
  "sims": [
    0.48574507716921883,
    0.4330653850926544,
    0.34319131190663277,
    0.33047947353700086,
    0.2382280794417829,
    0.20724769826525216,
    0.23533077372219718,
    0.2368214314275881,
    0.255932342523833,
    0.2553649670010852,
    0.27720879306216706,
    0.30160100128872097,
    0.3252328255920752,
    0.30114998968300155,
    0.21168842019586248,
    0.1925889873048807,
    0.19489121196645215,
    0.17138622835149078,
    0.17801303200898722,
    0.17496642002176183,
    0.17449383851528294,
    0.18085686638786436,
    0.17129691002693276,
    0.16989572077465598,
    0.1619506775228138,
    0.16711065962204363,
    0.17144120121376424,
    0.15012332261992947,
    0.14430336116176795,
    0.14936414215217692
  ],
  "times": [
    7,
    16,
    118,
    326,
    670,
    591,
    726,
    912,
    1019,
    977,
    822,
    991,
    1268,
    1152,
    1129,
    1087,
    1002,
    929,
    870,
    964,
    920,
    785,
    757,
    583,
    681,
    552,
    546,
    591,
    502,
    517
  ]
}