{
  "scores": [
    -6.0268,
    -6.2147,
    -6.333800000000001,
    -6.516799999999999,
    -6.7014,
    -6.7709,
    -6.8774,
    -7.212299999999999,
    -7.290499999999999,
    -7.5399,
    -7.595999999999999,
    -7.7807,
    -7.765100000000001,
    -7.872200000000001,
    -8.05,
    -8.095699999999999,
    -8.076,
    -8.0442,
    -8.2285,
    -8.2097,
    -8.2793,
    -8.3341,
    -8.3871,
    -8.398900000000001,
    -8.3705,
    -8.472999999999999,
    -8.4937,
    -8.5552,
    -8.632200000000001,
    -8.632200000000001
  ],
  "qeds": [
    0.6589910204503647,
    0.6616611179454075,
    0.7089467550653107,
    0.6739867756265037,
    0.6958643975497744,
    0.6283382885193957,
    0.6822081658986906,
    0.6960388235869817,
    0.6517350767411931,
    0.5676147872650013,
    0.516865553541562,
    0.4910157648339978,
    0.5009198727071886,
    0.43962388710028727,
    0.46783929275622943,
    0.4997058222394976,
    0.4328491558876008,
    0.3777110339912898,
    0.424573342344494,
    0.3668640421863094,
    0.44306894269780595,
    0.3882798488975622,
    0.42144693905551395,
    0.4562332585245019,
    0.41498401978964977,
    0.42301689882063426,
    0.4387074726968912,
    0.4819711463812091,
    0.4051527141357738,
    0.4051527141357738
  ],
  "sas": [
    1.7811145920300244,
    2.074116211409044,
    2.2104155865501323,
    2.3844271079277832,
    2.330795809552785,
    2.2358893447918904,
    2.3660264346454722,
    2.047099656128008,
    2.244894859448736,
    2.4206256414992877,
    2.502264019388643,
    2.555223475387191,
    2.4723211664889138,
    2.5687157840094392,
    2.6472681773575224,
    2.62237534694847,
    2.6947441522921474,
    2.5957776095640304,
    2.5815993295194657,
    2.6916274391027915,
    2.6638825162920985,
    2.7217770810450377,
    2.629776143944452,
    2.6431139111165693,
    2.681021918958912,
    2.6931053713757542,
    2.71578998676037,
    2.6748183628465987,
    2.7772402896052633,
    2.7772402896052633
  ],
  "sims": [
    0.5107544205072592,
    0.3760351245319836,
    0.2993817938968275,
    0.2894957480086381,
    0.2371966727408627,
    0.3311864118005968,
    0.24853456799481827,
    0.24880641507277051,
    0.254052879413569,
    0.33088084774587145,
    0.37245035954292643,
    0.3645883828620537,
    0.35543708077619673,
    0.3215481567996369,
    0.2717223675725071,
    0.2687654880710816,
    0.3263879687369541,
    0.3881236527977576,
    0.3708034872928644,
    0.3879841180337844,
    0.3647311373781207,
    0.3827698575374331,
    0.3418105243304813,
    0.31421095574678437,
    0.3224415010235499,
    0.33837016200519726,
    0.3555640979530931,
    0.3722415304908607,
    0.37656300914033786,
    0.37656300914033786
  ],
  "times": [
    4,
    25,
    121,
    240,
    433,
    413,
    403,
    521,
    483,
    636,
    650,
    908,
    963,
    1028,
    1254,
    1340,
    1483,
    1556,
    1671,
    1609,
    1606,
    1647,
    1498,
    1759,
    1635,
    1833,
    1812,
    1760,
    1676,
    1647
  ]
}