{
  "scores": [
    -3.791710653591455,
    -4.314556637803818,
    -5.44460907383854,
    -6.998634895671598,
    -7.812360541063121,
    -8.204881438325538,
    -8.171136519304342,
    -8.391098979975602,
    -8.758474300161009,
    -8.851017098511061,
    -8.724345756115085,
    -8.77189823012372,
    -8.883746971048556,
    -8.827785234108179,
    -8.834051355366936,
    -9.046075863958047,
    -8.936752276023025,
    -8.963035472039543,
    -8.995577500116095,
    -8.801933346310353,
    -9.024764035229854,
    -9.063700853667964,
    -9.08713905727734,
    -8.968546085305102,
    -8.924068464777466,
    -9.118943543508065,
    -9.128852020237462,
    -8.96762191875641,
    -9.001235909352712,
    -9.076145948007305
  ],
  "qeds": [
    0.6337295613466731,
    0.5866225700775306,
    0.7045548837052898,
    0.7223136093587286,
    0.7026377979196501,
    0.759865793733342,
    0.7260889754395179,
    0.7638454665647353,
    0.7868162313102223,
    0.7747633945284574,
    0.7336650080782399,
    0.7323815262197937,
    0.7414288927783846,
    0.7311346185732905,
    0.7691371724171814,
    0.6926072883977528,
    0.7178788599479828,
    0.6609834237804992,
    0.7215350702194165,
    0.6149882475094328,
    0.7218305456622456,
    0.6889332866724103,
    0.7198273380357856,
    0.7139788296718665,
    0.7178389817450126,
    0.72915376207915,
    0.7596442034224204,
    0.7510419377168046,
    0.7252522165175936,
    0.7306558579266202
  ],
  "sas": [
    1.6873773510713255,
    1.932892976817008,
    2.3115781892149805,
    2.364799989630482,
    2.5063553360133626,
    2.3925318600433836,
    2.5344794774534467,
    2.3930804998829207,
    2.369430941667317,
    2.4092318950224723,
    2.397464169725708,
    2.46122795787052,
    2.596979757976004,
    2.6297702980829505,
    2.674289542857312,
    2.3924944491158473,
    2.587996383953541,
    2.725084416953626,
    2.813666410978759,
    2.850373995606183,
    2.679360684258146,
    2.6533656448400325,
    2.497758768855321,
    2.7983041382916185,
    2.560197510102056,
    2.5635266447174416,
    2.4697205618805347,
    2.5338572226396203,
    2.5443426793453066,
    2.665782787414605
  ],
  "sims": [
    0.6838407494145199,
    0.38863191587984225,
    0.1888082872961255,
    0.19992594752321632,
    0.1950560248083159,
    0.15795994798471563,
    0.16966430989218995,
    0.20336458652461492,
    0.23311238501660067,
    0.2437035787142435,
    0.24310188644275366,
    0.26093368348327395,
    0.2765204848868584,
    0.2480073991270376,
    0.2544946711430655,
    0.23950334018498004,
    0.22451895195056065,
    0.25200746038264177,
    0.2646173023037025,
    0.2492952340949778,
    0.2238234321591439,
    0.22192498431761915,
    0.22374776056473103,
    0.2628100950835658,
    0.2644213876556524,
    0.26035952728127926,
    0.2566464948884752,
    0.269062945139867,
    0.24169408213371057,
    0.2529267346569714
  ],
  "times": [
    2,
    55,
    77,
    176,
    207,
    315,
    257,
    303,
    277,
    307,
    219,
    296,
    297,
    297,
    247,
    288,
    257,
    295,
    350,
    274,
    294,
    223,
    283,
    254,
    251,
    273,
    248,
    216,
    212,
    382
  ]
}