{
  "scores": [
    -6.51875,
    -6.2164,
    -6.6922,
    -7.242999999999999,
    -7.4091000000000005,
    -7.541499999999999,
    -7.5113,
    -7.7587,
    -7.6759,
    -7.7009,
    -7.7557,
    -7.819599999999999,
    -7.9387,
    -8.0267,
    -8.150599999999999,
    -8.0333,
    -8.077,
    -8.210399999999998,
    -8.1433,
    -8.201600000000001,
    -8.1477,
    -8.120000000000001,
    -8.1302,
    -8.197199999999999,
    -8.1648,
    -8.1114,
    -8.1715,
    -8.2135,
    -8.2959,
    -8.199
  ],
  "qeds": [
    0.6781126635507273,
    0.6859529463881481,
    0.6975222967806866,
    0.7059569022791925,
    0.7156258790882302,
    0.6998670034719022,
    0.6795427829232339,
    0.6567447721320987,
    0.6628818927377411,
    0.654177123605787,
    0.6779461630555803,
    0.6824135688405305,
    0.6454935976012347,
    0.6614703012357995,
    0.6603438439037485,
    0.6372399182327296,
    0.6355873549355391,
    0.6568693206999356,
    0.6629856375383857,
    0.676889903195108,
    0.661918441702695,
    0.6786810000229913,
    0.6278325147325767,
    0.6450375631271427,
    0.6847826631191769,
    0.6466384777084643,
    0.6573480222819461,
    0.6434698203024216,
    0.6472277588544464,
    0.6339179031183461
  ],
  "sas": [
    2.032295974012344,
    2.4745657740858547,
    2.327885549201651,
    2.5194209583210103,
    2.422914525220043,
    2.4189823614159733,
    2.3857970678759832,
    2.4923492736974895,
    2.3518035351495543,
    2.2025347399654316,
    2.268056363399207,
    2.3917015627308493,
    2.3093407430123154,
    2.2480112744267724,
    2.342907354339502,
    2.2649835803423786,
    2.2967226572654553,
    2.524984656665084,
    2.5018226572654556,
    2.53876604188084,
    2.4747474258958526,
    2.494593860371528,
    2.4491169643573905,
    2.459794116899869,
    2.764055117002801,
    2.563159647828841,
    2.5617547471677744,
    2.4804426064269536,
    2.5688726456888324,
    2.4656255890422782
  ],
  "sims": [
    0.4310678783850498,
    0.3337949470548144,
    0.354661280696709,
    0.2672097746097407,
    0.2518458840292814,
    0.17027887044149675,
    0.19449910954809108,
    0.20086565527752795,
    0.23114044268093772,
    0.2464035573094942,
    0.2444286708555357,
    0.23088487075381403,
    0.23422244181418303,
    0.2690912124405657,
    0.24423984150702244,
    0.3286017626679846,
    0.33862362790757394,
    0.2283261299208179,
    0.26698705363346387,
    0.22097264132518485,
    0.2699586207113501,
    0.2585229989004486,
    0.2692417395973998,
    0.27389084379607836,
    0.18651883660081708,
    0.24171090843033677,
    0.23001348943663635,
    0.22488304233376882,
    0.23251547031824749,
    0.24541797364958917
  ],
  "times": [
    9,
    14,
    37,
    63,
    200,
    145,
    151,
    149,
    155,
    143,
    136,
    148,
    145,
    145,
    141,
    152,
    140,
    144,
    148,
    139,
    143,
    139,
    148,
    148,
    149,
    141,
    136,
    143,
    137,
    148
  ]
}