{
  "scores": [
    -3.6040697270896276,
    -4.60999460134639,
    -7.21482670023875,
    -7.9023697890874995,
    -8.140749410805196,
    -8.410900303811633,
    -8.875207198517288,
    -8.793199401750567,
    -8.95472604728224,
    -9.151935940608556,
    -9.149880143018283,
    -9.324947162843971,
    -9.464223476845522,
    -9.505191937350476,
    -9.562264522423956,
    -9.579745321071107,
    -9.599734776866452,
    -9.599734776866452,
    -9.634929569857366,
    -9.634929569857366,
    -9.634929569857366,
    -9.634929569857366,
    -9.69778353510968,
    -9.656563799958665,
    -9.634929569857366,
    -9.710208941487112,
    -9.710208941487112,
    -9.710208941487112,
    -9.710208941487112,
    -9.710208941487112
  ],
  "qeds": [
    0.6683566909578438,
    0.6344239923718011,
    0.5768413938051457,
    0.6049804197243835,
    0.7176241934798816,
    0.6830913876925717,
    0.6167320069197563,
    0.6723817143821578,
    0.6758014544756812,
    0.644874846256865,
    0.6676526272471499,
    0.679392176147036,
    0.6597117640781961,
    0.6505978139747597,
    0.6254621971041013,
    0.6370705017485319,
    0.6119083434043115,
    0.6119083434043115,
    0.6108365122096178,
    0.6108365122096178,
    0.6108365122096178,
    0.6108365122096178,
    0.6288806309544975,
    0.608869661520839,
    0.6108365122096178,
    0.6199275079412597,
    0.6199275079412597,
    0.6199275079412597,
    0.6199275079412597,
    0.6199275079412597
  ],
  "sas": [
    2.0589616933005246,
    2.1859259768014843,
    2.46074151679233,
    2.242679749098895,
    2.339223820106672,
    2.516772191212299,
    2.6488393305021423,
    2.5767031846479,
    2.525035387558522,
    2.404959734336849,
    2.4987840054272286,
    2.513676674151705,
    2.5652510560090738,
    2.6397625232729953,
    2.7544312590476077,
    2.714009827695317,
    2.8212467620061874,
    2.8212467620061874,
    2.768783792192358,
    2.768783792192358,
    2.768783792192358,
    2.768783792192358,
    2.778236708464103,
    2.7405828815951003,
    2.768783792192358,
    2.776626966044533,
    2.776626966044533,
    2.776626966044533,
    2.776626966044533,
    2.776626966044533
  ],
  "sims": [
    0.49274424451857834,
    0.3466304438483903,
    0.10751096046210684,
    0.12103334170822015,
    0.16805668730301462,
    0.2244152622500247,
    0.18486207823145467,
    0.2261106673221481,
    0.18917506813334656,
    0.22314126864250064,
    0.30648624842820704,
    0.259662723044496,
    0.2462596600510647,
    0.21684100306605916,
    0.21968096080081856,
    0.2233291341900187,
    0.2224953216539042,
    0.2224953216539042,
    0.22844994957711484,
    0.22844994957711484,
    0.22844994957711484,
    0.22844994957711484,
    0.22406249729568048,
    0.21838138725627773,
    0.22844994957711484,
    0.251002458125018,
    0.251002458125018,
    0.251002458125018,
    0.251002458125018,
    0.251002458125018
  ],
  "times": [
    2,
    96,
    534,
    412,
    349,
    363,
    294,
    509,
    393,
    394,
    232,
    300,
    412,
    291,
    354,
    574,
    374,
    231,
    353,
    320,
    247,
    228,
    369,
    523,
    343,
    431,
    374,
    401,
    199,
    291
  ]
}