{
  "scores": [
    -6.1208,
    -6.722199999999999,
    -7.3148,
    -7.2221,
    -7.3015,
    -7.417699999999999,
    -7.6399,
    -7.6636,
    -7.6721,
    -7.914999999999999,
    -7.9940000000000015,
    -7.9773,
    -8.0529,
    -7.947800000000001,
    -8.0463,
    -8.073,
    -8.386899999999999,
    -8.429,
    -8.2381,
    -8.5143,
    -8.3824,
    -8.3101,
    -8.293600000000001,
    -8.3781,
    -8.521199999999999,
    -8.371099999999998,
    -8.34,
    -8.399899999999999,
    -8.397400000000001,
    -8.4744
  ],
  "qeds": [
    0.6936595385338716,
    0.6849689860572628,
    0.7120728945008905,
    0.6584613400561119,
    0.6727954920882481,
    0.6281618382228806,
    0.636013017938189,
    0.6574005389612388,
    0.6546459603482179,
    0.6469725205141434,
    0.6630906396980865,
    0.6358528653401334,
    0.6233321023878602,
    0.6393602053183923,
    0.6523088119607767,
    0.6674449376457245,
    0.6648582756307527,
    0.6367610502357653,
    0.6265034048410377,
    0.6442373384321303,
    0.6192236880456962,
    0.6531789083071591,
    0.6644217133516486,
    0.6548727653292271,
    0.6478315940013198,
    0.6465946854842343,
    0.6130874547662655,
    0.6118620354169215,
    0.6258853755993881,
    0.6473957723567849
  ],
  "sas": [
    2.1277458674492626,
    2.3472355150388546,
    2.4480641633738665,
    2.2796221401509578,
    2.4852707910427525,
    2.300417688315277,
    2.498901393717189,
    2.454826577034215,
    2.5773720782110483,
    2.2667559239469215,
    2.4079183072923103,
    2.203695141964146,
    2.3504769098129152,
    2.478871003216419,
    2.387235837387661,
    2.391740112598391,
    2.5147893808332475,
    2.3468841362550967,
    2.3883486578889577,
    2.34632108096096,
    2.2818531980628682,
    2.2677532121512205,
    2.338345054032694,
    2.38462810672607,
    2.451428143355259,
    2.474888073641585,
    2.2561926869143507,
    2.2691415667731194,
    2.2235014721417814,
    2.4610617414039
  ],
  "sims": [
    0.4896241464437555,
    0.3498248641800289,
    0.16901899991378497,
    0.17080916945986593,
    0.26235412030619004,
    0.2913997992834825,
    0.23059604653433002,
    0.2721687554254867,
    0.2912295720555397,
    0.2967985098200977,
    0.24600369438063438,
    0.30686236093953967,
    0.2820825250923472,
    0.3098646476181216,
    0.31464459474258105,
    0.28323065114556695,
    0.2855894007389186,
    0.29036991007817875,
    0.286964684592989,
    0.2687248142705603,
    0.32228820453103746,
    0.29542308226009134,
    0.31011776215582393,
    0.29940297483423006,
    0.25021248583955386,
    0.2744448131837306,
    0.32346199237830664,
    0.3271761458577608,
    0.3379669544098978,
    0.26991495711245583
  ],
  "times": [
    12,
    29,
    76,
    239,
    165,
    252,
    181,
    156,
    151,
    163,
    159,
    158,
    152,
    155,
    154,
    152,
    158,
    159,
    157,
    158,
    157,
    154,
    150,
    146,
    167,
    161,
    162,
    167,
    152,
    147
  ]
}