{
  "scores": [
    -6.066,
    -6.081799999999999,
    -6.2229,
    -6.4333,
    -6.9348,
    -6.8586,
    -6.877,
    -7.1248000000000005,
    -6.9301,
    -7.1935,
    -7.4599,
    -7.421600000000001,
    -7.4372,
    -7.7067000000000005,
    -7.9542,
    -7.8057,
    -7.877799999999999,
    -7.825500000000001,
    -8.048300000000001,
    -7.927999999999999,
    -7.8911,
    -7.9684,
    -7.842999999999999,
    -7.657500000000001,
    -7.6716,
    -7.938,
    -8.108,
    -7.9331000000000005,
    -7.8671999999999995,
    -7.864
  ],
  "qeds": [
    0.6711689536486452,
    0.636355265125557,
    0.6540042266463358,
    0.6892916457783622,
    0.7105390763976882,
    0.7334303248967304,
    0.7350853871900693,
    0.6878577405660948,
    0.7157727182735131,
    0.6917570920986078,
    0.6738181966953339,
    0.6566764876597087,
    0.6413271611167184,
    0.6758151883155266,
    0.6663972723303495,
    0.7255641354739278,
    0.6791058377527367,
    0.6652916260683639,
    0.6298427145667904,
    0.6335459244875945,
    0.6208753693516255,
    0.6346476194880543,
    0.6128780914979833,
    0.6176445475931694,
    0.5786523265388294,
    0.6335693988305415,
    0.6507676232054097,
    0.6085929753047645,
    0.6544661346702643,
    0.6479970934734374
  ],
  "sas": [
    1.6528359821545269,
    1.9898875608044495,
    2.2097703955784795,
    2.131741437107636,
    2.26701691312845,
    2.4386523973300513,
    2.5087882968393,
    2.4858241693959426,
    2.8383665852884556,
    2.7135831261653407,
    2.6733886779673357,
    2.790420327477765,
    2.7090449555567067,
    2.5407147451748484,
    2.5463189209332233,
    2.599753440306588,
    2.6572432802586596,
    2.586415614353933,
    2.576895903343778,
    2.7088806915860864,
    2.6896523766462743,
    2.73171799976979,
    2.6055833490423086,
    2.603650545362188,
    2.6820854210054725,
    2.824091259436206,
    2.825094560112858,
    2.581332605479094,
    2.6563546941483565,
    2.6611705338945244
  ],
  "sims": [
    0.6292878375588918,
    0.4850972976943576,
    0.32643089871552805,
    0.17427382096654614,
    0.1531978906450429,
    0.1518393111311132,
    0.15109553220998478,
    0.19444719655156598,
    0.21232984294633067,
    0.20655389852642933,
    0.22763420579682644,
    0.21116051508433964,
    0.21494429246965896,
    0.1946027421544054,
    0.21390979178523625,
    0.19921534035707916,
    0.20722455474316695,
    0.23318859560303373,
    0.22595240102559458,
    0.22850340873361893,
    0.23946984222863638,
    0.2378886380902323,
    0.24522113882446592,
    0.25201341235198965,
    0.2660221289382304,
    0.2497432612742414,
    0.23567859146084963,
    0.2541054581347427,
    0.24168765675595805,
    0.2737302465255072
  ],
  "times": [
    1,
    18,
    78,
    276,
    631,
    538,
    463,
    650,
    568,
    558,
    568,
    617,
    650,
    684,
    636,
    594,
    673,
    613,
    651,
    639,
    558,
    574,
    541,
    493,
    467,
    668,
    624,
    505,
    599,
    609
  ]
}