{
  "scores": [
    -4.260709387969932,
    -4.064712906857041,
    -5.567662986678133,
    -6.784249657562374,
    -7.3581146101920485,
    -8.067722824020363,
    -8.84364437833558,
    -8.799595658405401,
    -8.822375140628056,
    -8.662403667528437,
    -9.00948169469683,
    -9.189217063958328,
    -9.423855408307157,
    -9.496525308292997,
    -9.465482690694172,
    -9.560662040744216,
    -9.577035376406014,
    -9.751173735286535,
    -9.751173735286535,
    -9.823353601518571,
    -9.753655620046363,
    -9.753655620046363,
    -9.753655620046363,
    -9.753655620046363,
    -9.774783600334908,
    -9.842423997252075,
    -9.843049000192057,
    -9.843049000192057,
    -9.843049000192057,
    -9.843049000192057
  ],
  "qeds": [
    0.7093098374830692,
    0.6954689184261598,
    0.6521077914833844,
    0.6672121871266704,
    0.7187845733364602,
    0.7079100694319717,
    0.6890752165922598,
    0.6832431098534851,
    0.7056637193866004,
    0.6946542137029865,
    0.6971332359858435,
    0.6831781832909203,
    0.6271687364057793,
    0.654979165754882,
    0.65471286379786,
    0.6568371446294476,
    0.6340649696152983,
    0.6369052695457685,
    0.6369052695457685,
    0.6431338534022245,
    0.6480613564074278,
    0.6480613564074278,
    0.6480613564074278,
    0.6480613564074278,
    0.6420678683189337,
    0.6127373501795652,
    0.6195174377195442,
    0.6195174377195442,
    0.6195174377195442,
    0.6195174377195442
  ],
  "sas": [
    2.117869779439069,
    2.073314293642068,
    2.3833010338954344,
    2.5018557793070904,
    2.427673009640473,
    2.6231722500070456,
    2.2927868946352072,
    2.419636584058707,
    2.414195632582083,
    2.371368831200036,
    2.4483322952430755,
    2.471527615622192,
    2.622922369184515,
    2.524215920402542,
    2.5771662647245,
    2.6435847374969095,
    2.697626414506579,
    2.6997063447495826,
    2.6997063447495826,
    2.762804687944849,
    2.7123858713768016,
    2.7123858713768016,
    2.7123858713768016,
    2.7123858713768016,
    2.7620396251931028,
    2.7596070417312974,
    2.7173142494322606,
    2.7173142494322606,
    2.7173142494322606,
    2.7173142494322606
  ],
  "sims": [
    0.4015163946890349,
    0.31343832656034454,
    0.2166290826920267,
    0.19723115441189643,
    0.20165285608625028,
    0.25836978281325,
    0.26802654229878814,
    0.25836257986123623,
    0.26629945867416216,
    0.26383374185592573,
    0.26909113084284364,
    0.27561094368688066,
    0.18476237035457546,
    0.2441047800011828,
    0.2433596542733416,
    0.24500771940136565,
    0.2217100802398469,
    0.2215344527275544,
    0.2215344527275544,
    0.21849197941533083,
    0.22314249182540605,
    0.22314249182540605,
    0.22314249182540605,
    0.22314249182540605,
    0.22474590566635272,
    0.22439095552516086,
    0.2264653072430188,
    0.2264653072430188,
    0.2264653072430188,
    0.2264653072430188
  ],
  "times": [
    2,
    70,
    124,
    135,
    235,
    340,
    442,
    377,
    331,
    330,
    676,
    309,
    224,
    310,
    518,
    328,
    309,
    494,
    433,
    308,
    343,
    357,
    327,
    373,
    448,
    307,
    299,
    485,
    389,
    557
  ]
}