{
  "scores": [
    -5.357676887544112,
    -6.42697596630956,
    -7.31721487110529,
    -8.204018534214365,
    -8.443027093636184,
    -8.583470730250964,
    -8.711059163196865,
    -8.776518187629884,
    -9.188075776341591,
    -8.950442584370757,
    -9.373623195626545,
    -9.131971829519857,
    -9.404177841134672,
    -9.154552913730658,
    -9.5471483273834,
    -9.625575687841406,
    -10.062820254639702,
    -9.542305087796631,
    -9.489763733858236,
    -9.482765475432135,
    -9.337574407721906,
    -9.525029244451243,
    -9.681438581307162,
    -9.484607828254775,
    -9.602720066414095,
    -9.40367977832839,
    -9.730452259007176,
    -9.810904208208427,
    -9.668713989474684,
    -9.545784449539289
  ],
  "qeds": [
    0.649931266692167,
    0.7217180034559323,
    0.6945686364872883,
    0.6841828432665122,
    0.6612319883706499,
    0.7403947392361124,
    0.736169743955493,
    0.7534758408657805,
    0.7688917982319153,
    0.6726427899936656,
    0.8019575436854438,
    0.7585848419465044,
    0.7931990145494283,
    0.7917840359656858,
    0.7992922276296196,
    0.7834992151287747,
    0.7658419185892964,
    0.7542250831540752,
    0.743634423975306,
    0.7858421916773908,
    0.8119463656734455,
    0.7657578448639996,
    0.7098849393579352,
    0.7081453361347951,
    0.7372550626827855,
    0.7242880029775716,
    0.686953841476976,
    0.67807122956086,
    0.6761221093483842,
    0.6471024956382668
  ],
  "sas": [
    2.06306393568671,
    2.5704758783500723,
    2.468354280455255,
    2.5950610971810493,
    2.528753077890829,
    2.3237283901242405,
    2.3575107724714264,
    2.4336311047944243,
    2.393543978746643,
    2.6063171753096546,
    2.125085457103908,
    2.6014628660293098,
    2.4086389848506413,
    2.616961196059635,
    2.3701153307084923,
    2.624795178998356,
    2.4976290928965432,
    2.56690921929644,
    2.510538949112786,
    2.4291438048656704,
    2.6472095732430128,
    2.638745110891272,
    2.6625116314882673,
    2.7039906156262865,
    2.6969862080597204,
    2.712600686862283,
    2.676446839739571,
    2.5432981705157687,
    2.6665653908934552,
    2.6449333309686476
  ],
  "sims": [
    0.48056093755262286,
    0.24515092072001465,
    0.23164713657059335,
    0.224457700185686,
    0.17802102844596815,
    0.1820808775800069,
    0.17179753506048306,
    0.14647296814959326,
    0.13036852312899594,
    0.1591977596637956,
    0.13541011578295153,
    0.18936714479277336,
    0.1492230600949362,
    0.1563169657309157,
    0.15069604493622382,
    0.1727658555069055,
    0.14521280432447858,
    0.12729985822463488,
    0.1754397627361048,
    0.16117811180071234,
    0.19089890251521852,
    0.18625112798501592,
    0.2675487572387022,
    0.2687995433651617,
    0.24005306723427727,
    0.24582474264000492,
    0.24769844201597588,
    0.2392277222720315,
    0.24011881024278886,
    0.23562423174590755
  ],
  "times": [
    1,
    188,
    526,
    622,
    883,
    707,
    769,
    864,
    817,
    809,
    589,
    729,
    605,
    503,
    614,
    556,
    446,
    499,
    634,
    543,
    513,
    539,
    632,
    986,
    693,
    554,
    828,
    512,
    538,
    636
  ]
}