{
  "scores": [
    -5.978333333333333,
    -5.981666666666667,
    -6.8499,
    -7.072799999999999,
    -7.100500000000001,
    -7.1788,
    -7.312099999999999,
    -7.312100000000001,
    -7.5852,
    -7.627599999999999,
    -7.8274,
    -7.881300000000001,
    -7.812900000000001,
    -7.8155,
    -7.887899999999999,
    -7.936600000000001,
    -7.999599999999998,
    -8.0018,
    -8.0041,
    -8.0273,
    -8.0298,
    -8.0298,
    -8.0298,
    -8.0324,
    -8.046199999999999,
    -8.0487,
    -8.058200000000001,
    -8.1037,
    -8.0976,
    -8.0976
  ],
  "qeds": [
    0.6636855251236756,
    0.6744029799887035,
    0.6928365016690932,
    0.6789808949673725,
    0.706554204503522,
    0.6678080480152335,
    0.6907646876444871,
    0.7045790863916023,
    0.7041277835982251,
    0.6255470524528933,
    0.6154512212077198,
    0.625181761322158,
    0.6181885725548714,
    0.6237365824002753,
    0.6005615754010233,
    0.6619305561876617,
    0.6563649098019427,
    0.6397147390207744,
    0.6270243371681918,
    0.6137306737977494,
    0.5698278535264893,
    0.5698278535264893,
    0.5698278535264893,
    0.6014908683013475,
    0.6014172262829044,
    0.5873570904621397,
    0.6139329376133108,
    0.6120939393556347,
    0.6193052179134594,
    0.6193052179134594
  ],
  "sas": [
    2.427949644203524,
    2.230347322910431,
    2.1106049913495917,
    2.3102091094122956,
    2.3563189068783865,
    2.246949991878488,
    2.273892016410192,
    2.333041236669134,
    2.440181107505373,
    2.532911493676808,
    2.594474238701035,
    2.7236135447125247,
    2.525106354074725,
    2.6538923129566703,
    2.7270451432496032,
    2.823810001020404,
    2.7874685749883215,
    2.756197263280611,
    2.7232253914595743,
    2.7110384683826516,
    2.717095414924065,
    2.717095414924065,
    2.717095414924065,
    2.693429010690344,
    2.737532483767267,
    2.7820725023976642,
    2.7209589260749594,
    2.776138722228805,
    2.7693024722288055,
    2.7693024722288055
  ],
  "sims": [
    0.4947274814609322,
    0.2674468927464234,
    0.28602158857296345,
    0.18314236050355578,
    0.17497509522933646,
    0.18098446327121814,
    0.17066778781513056,
    0.18490935730141916,
    0.190720320799715,
    0.24162063931216865,
    0.26265461406769797,
    0.2509640277630513,
    0.2579148860740346,
    0.2603303904010814,
    0.28410098295805863,
    0.2635462957506248,
    0.26170065499034456,
    0.2746176835271367,
    0.26803840491853803,
    0.26733146404450203,
    0.266865696647179,
    0.266865696647179,
    0.266865696647179,
    0.27347120005796016,
    0.26267573880378337,
    0.26228914086563904,
    0.26412618989623643,
    0.2565970523670989,
    0.25815754916197065,
    0.25815754916197065
  ],
  "times": [
    10,
    11,
    32,
    55,
    92,
    138,
    143,
    215,
    155,
    170,
    156,
    153,
    166,
    155,
    160,
    150,
    150,
    155,
    151,
    146,
    150,
    151,
    160,
    157,
    145,
    137,
    143,
    148,
    144,
    142
  ]
}