{
  "scores": [
    -5.989666666666667,
    -5.933375,
    -6.2097999999999995,
    -6.248499999999999,
    -6.512800000000001,
    -6.7333,
    -6.9789,
    -6.9238,
    -7.1283,
    -7.606,
    -8.037400000000002,
    -8.1518,
    -8.097100000000001,
    -8.218499999999999,
    -8.253800000000002,
    -8.246999999999998,
    -8.293800000000001,
    -8.2528,
    -8.219000000000001,
    -8.321,
    -8.2404,
    -7.9801,
    -8.003799999999998,
    -8.1218,
    -8.157599999999999,
    -8.051300000000001,
    -7.936399999999999,
    -7.7479,
    -7.8115,
    -8.053
  ],
  "qeds": [
    0.5814300742485989,
    0.668439950613804,
    0.6713642410508571,
    0.7209979790525053,
    0.6883808397496842,
    0.7182506010645106,
    0.6700937207727857,
    0.7002283834468149,
    0.5979871663446428,
    0.7003692167122255,
    0.793202301573564,
    0.758290048225515,
    0.7739891553728142,
    0.7389402650939781,
    0.6964114362184415,
    0.7604933049164725,
    0.7499562519816372,
    0.7490184036072466,
    0.7562006796427816,
    0.7650302670973945,
    0.7358054920987146,
    0.7632853075315176,
    0.7380245753946518,
    0.7028843618824475,
    0.8056643878755709,
    0.735409171257935,
    0.7090236509778698,
    0.7721456126647711,
    0.7300595540591728,
    0.7363810701784661
  ],
  "sas": [
    2.08780073568671,
    2.0802929457744854,
    2.080849579916591,
    2.2050058568547297,
    2.7553012277649755,
    2.7100706414922917,
    2.733609474785581,
    2.729419223879204,
    2.6669206692916188,
    2.6646134551776663,
    2.723600291530598,
    2.8712375402598234,
    2.7652988532169425,
    2.768514690321015,
    2.6706002337288717,
    2.7063573510713246,
    2.690562037653387,
    2.6774996038646184,
    2.9198890644981033,
    2.71407009195203,
    2.664341332971778,
    2.7697652147243472,
    2.6861848623835427,
    2.6067293981301494,
    2.6398081203020944,
    2.6438886632885192,
    2.546045590059228,
    2.5305519056005665,
    2.5931471893849807,
    2.4865191162849714
  ],
  "sims": [
    0.48751179785885707,
    0.35062408017498203,
    0.3141744628406996,
    0.24388371903421943,
    0.20669366109161644,
    0.22486848633504594,
    0.23488185798379696,
    0.21917007938330962,
    0.22653267159272508,
    0.1774311632457096,
    0.15304990610574953,
    0.15998793067618677,
    0.15735030421089286,
    0.16914130665426297,
    0.14728581797146995,
    0.14854031372148035,
    0.16008071239296387,
    0.16198698680867643,
    0.17135771596936053,
    0.15721490888174927,
    0.15506618260570293,
    0.15410492581706137,
    0.15985904972570814,
    0.16052680904960032,
    0.15159232157263558,
    0.16428333879930745,
    0.16033338052645568,
    0.16495869880905217,
    0.16301525027304817,
    0.16872180547041232
  ],
  "times": [
    11,
    43,
    110,
    238,
    494,
    643,
    792,
    692,
    771,
    866,
    756,
    689,
    690,
    664,
    677,
    682,
    772,
    663,
    609,
    595,
    611,
    647,
    650,
    576,
    669,
    720,
    634,
    629,
    618,
    673
  ]
}