{
  "scores": [
    -4.126284929776155,
    -4.680527670513515,
    -7.062998180599199,
    -7.828262681621841,
    -7.903129999633839,
    -8.154091070070711,
    -8.509250253308066,
    -9.000373771595765,
    -8.994444009666307,
    -8.85313606576748,
    -8.64762996512758,
    -8.851121522518408,
    -9.242035436916678,
    -9.034813619042994,
    -8.98620761736976,
    -9.29921255719099,
    -9.333855133640977,
    -9.328924121474543,
    -9.441230604375177,
    -9.567298202145631,
    -9.397716584743636,
    -9.5379832602311,
    -9.47147743309431,
    -9.466805961405019,
    -9.651486895737035,
    -9.640455980413766,
    -9.628906047125941,
    -9.649153475393025,
    -9.62847060973584,
    -9.829578948876147
  ],
  "qeds": [
    0.6904270653822793,
    0.6936723096877074,
    0.6895720009990602,
    0.7754231145386112,
    0.7450106975088259,
    0.7230740559132333,
    0.6350425523252459,
    0.7104139414879016,
    0.7957896542288652,
    0.7947095696533676,
    0.7607705149622048,
    0.7859632029556222,
    0.7149557845895597,
    0.6950452300117439,
    0.7550105529489578,
    0.6944406245277259,
    0.6961267051606201,
    0.6334119489811262,
    0.659976481309902,
    0.6692349793344364,
    0.7033948128626183,
    0.6806140336619146,
    0.6696079653208018,
    0.6941987534348202,
    0.7183992132412357,
    0.6657310860778985,
    0.6822988239314876,
    0.6457385841739065,
    0.6266616940512294,
    0.6586700724970841
  ],
  "sas": [
    2.2642911972251714,
    2.549836711388365,
    2.784668856189893,
    2.664692970932702,
    2.682239411319263,
    2.7309052773831604,
    2.9318799443518166,
    2.7085964753311336,
    2.5869521775361135,
    2.7096767112799243,
    2.6203894215534094,
    2.8036459143867942,
    2.65860620518623,
    2.7684208422259635,
    2.571275106337544,
    2.764168240667596,
    2.737980915320517,
    2.7151380780384486,
    2.513174316188431,
    2.4980457621814645,
    2.4601875801506834,
    2.5017069882957417,
    2.5598972056137526,
    2.516728731783308,
    2.452889353379176,
    2.5798046525433365,
    2.5186136357971645,
    2.586157618379327,
    2.582015846109013,
    2.524931708419154
  ],
  "sims": [
    0.6774691358024691,
    0.40252061525127647,
    0.3320876188541274,
    0.34453270890635185,
    0.34112399645722286,
    0.30051769415691065,
    0.2502978249786546,
    0.13298113207788095,
    0.15530254679990568,
    0.18327215475628383,
    0.20506837046743306,
    0.17490310045704008,
    0.20384322298484844,
    0.2131735799288812,
    0.23084214286777235,
    0.22873055639759127,
    0.22498614556483645,
    0.234919609741846,
    0.22513270772314176,
    0.22079175982620725,
    0.2304051659612314,
    0.22775885055558026,
    0.22372795568217718,
    0.2272520874654901,
    0.2439824656607338,
    0.26404055139945115,
    0.24721484870764718,
    0.20485322793712432,
    0.2636088784948646,
    0.1974875993971263
  ],
  "times": [
    1,
    60,
    246,
    580,
    762,
    636,
    645,
    635,
    849,
    814,
    595,
    686,
    802,
    672,
    639,
    460,
    712,
    643,
    504,
    621,
    462,
    638,
    547,
    440,
    462,
    320,
    323,
    452,
    368,
    409
  ]
}