{
  "scores": [
    -3.91521671158733,
    -4.531800654826164,
    -7.8486543107478255,
    -8.02605780148168,
    -8.431236233045784,
    -8.95802997141846,
    -8.975998021147772,
    -9.13877336804018,
    -9.155245023607643,
    -9.193746147275638,
    -9.162989498953884,
    -9.200603170140138,
    -9.25080450045059,
    -9.309248918023576,
    -9.449176156226775,
    -9.505611868570757,
    -9.509275646860502,
    -9.53772537516392,
    -9.53772537516392,
    -9.571696387665302,
    -9.571696387665302,
    -9.53772537516392,
    -9.53772537516392,
    -9.53772537516392,
    -9.539471947066227,
    -9.553534294951035,
    -9.53772537516392,
    -9.541328604904287,
    -9.541328604904287,
    -9.620678834123861
  ],
  "qeds": [
    0.6458219576673838,
    0.662726749880326,
    0.6585300474197135,
    0.6421004157075533,
    0.674630416999075,
    0.6699781320819634,
    0.678399896191387,
    0.644638540739191,
    0.6364245944655321,
    0.6478595892053859,
    0.6536112718663947,
    0.6644922639089572,
    0.6655436664366128,
    0.6645480384607407,
    0.6122934378275863,
    0.6133725338876675,
    0.6241131306276506,
    0.6347640540886326,
    0.6347640540886326,
    0.6348000982439357,
    0.6349790430800417,
    0.6347640540886326,
    0.6347640540886326,
    0.6347640540886326,
    0.6294482985701612,
    0.631443042535473,
    0.6347640540886326,
    0.613375936122764,
    0.613375936122764,
    0.6069847233429725
  ],
  "sas": [
    1.9880291029001118,
    2.309232942520815,
    2.684838898346068,
    2.5034139391980155,
    2.625714869029047,
    2.5746529394012647,
    2.5798592613922677,
    2.5662905895342982,
    2.6727878726953627,
    2.5345425408201443,
    2.5929958248697815,
    2.634280689704366,
    2.5744981117720678,
    2.558478290014955,
    2.5962154752229436,
    2.6235484937025175,
    2.6198445242562953,
    2.643313482045001,
    2.643313482045001,
    2.6788385693939696,
    2.6479788236325943,
    2.643313482045001,
    2.643313482045001,
    2.643313482045001,
    2.6525952061689773,
    2.6453194773545694,
    2.643313482045001,
    2.6762517157728114,
    2.6762517157728114,
    2.687926715044717
  ],
  "sims": [
    0.655868282986927,
    0.3365465230539325,
    0.3107312556104213,
    0.319073060926128,
    0.2614525603004754,
    0.26184797925815995,
    0.2388275721374467,
    0.20889265729986484,
    0.21133528391473547,
    0.21291313259920233,
    0.21800986831290028,
    0.20437017241063962,
    0.2109887857775839,
    0.212770979928125,
    0.20142900088857457,
    0.20941940178636123,
    0.23028391304851487,
    0.2331356718424847,
    0.2331356718424847,
    0.20809603125051854,
    0.20809603125051854,
    0.2331356718424847,
    0.2331356718424847,
    0.2331356718424847,
    0.20724055977261205,
    0.20478503869990589,
    0.2331356718424847,
    0.2098157381049249,
    0.2098157381049249,
    0.2090734309578668
  ],
  "times": [
    59,
    68,
    219,
    257,
    283,
    302,
    361,
    208,
    382,
    553,
    242,
    186,
    353,
    288,
    449,
    190,
    278,
    393,
    250,
    305,
    309,
    188,
    277,
    303,
    193,
    186,
    239,
    302,
    296,
    313
  ]
}