{
  "scores": [
    -3.7578870098371966,
    -4.361013757092001,
    -4.43094532555438,
    -6.0763641636536185,
    -6.700534368024485,
    -7.233156848992527,
    -8.001419233273369,
    -8.154876214172294,
    -8.255135803664196,
    -8.272789988074464,
    -8.771580146391631,
    -8.633483636293107,
    -8.719038401951147,
    -8.858418693960486,
    -9.052300541808366,
    -9.218078941764517,
    -9.364294500126151,
    -9.315052402396734,
    -9.321758764437062,
    -9.468416838163382,
    -9.499734944585073,
    -9.55880399736585,
    -9.483694115405465,
    -9.602466213420211,
    -9.557558276146962,
    -9.577775805018621,
    -9.72248395866195,
    -9.701878148044587,
    -9.74546180260901,
    -9.581309678222905
  ],
  "qeds": [
    0.664256867957476,
    0.6172706301119736,
    0.7011595293806936,
    0.7182500397001843,
    0.6840414612515054,
    0.6428712269737623,
    0.6434539126279999,
    0.7318172282361547,
    0.6956992577997505,
    0.7160792920106397,
    0.7287887432262699,
    0.6860707182547802,
    0.7167281101919661,
    0.6770559935565521,
    0.6591753680408599,
    0.6611336721306301,
    0.6463555408031183,
    0.6377640459226167,
    0.6145115487338273,
    0.6486021441411526,
    0.626300213590054,
    0.6139856380156393,
    0.6150044110200061,
    0.6162550868782354,
    0.6138843976919393,
    0.6060909968915297,
    0.5966760251734182,
    0.6061160529386309,
    0.6233996374866317,
    0.5908725612271108
  ],
  "sas": [
    1.7952379664559406,
    2.252475142923005,
    2.217868364654825,
    2.495633137464157,
    2.5116061639366336,
    2.2618231660020447,
    2.52369984540113,
    2.4154252964936314,
    2.3096698144151246,
    2.3315339704081595,
    2.567139535838332,
    2.423157690371114,
    2.4617489656274305,
    2.4016528468391947,
    2.552910193935915,
    2.5182240401126967,
    2.633341351921049,
    2.6209963702728993,
    2.6546397909916144,
    2.707651229572652,
    2.5861184779825193,
    2.6594683004677266,
    2.6626877087517498,
    2.679694335970685,
    2.6806596614144715,
    2.7874563070961003,
    2.781609151846161,
    2.7659768441538533,
    2.752753519310438,
    2.788338004609737
  ],
  "sims": [
    0.5100219590135854,
    0.3691889491378836,
    0.19159314068659092,
    0.15739718490872706,
    0.18280394632194255,
    0.16411524980874398,
    0.24523832717152216,
    0.24049205083047465,
    0.2763186210245637,
    0.29741439724668134,
    0.26167863475929637,
    0.2550693492646617,
    0.22322483410492314,
    0.24306305647875615,
    0.24319924457454473,
    0.20354102804957902,
    0.18799200001296706,
    0.20766005607382193,
    0.20619957497416558,
    0.18751751416898227,
    0.19591853740586868,
    0.1949471249240162,
    0.20660132820755664,
    0.19999976622168403,
    0.20613962871429042,
    0.19879213572003054,
    0.18974859238413927,
    0.19100451122535325,
    0.1950925216513659,
    0.20572268444162406
  ],
  "times": [
    61,
    76,
    125,
    198,
    308,
    496,
    504,
    790,
    275,
    671,
    307,
    262,
    328,
    398,
    282,
    386,
    401,
    294,
    382,
    414,
    344,
    409,
    352,
    288,
    336,
    212,
    359,
    222,
    280,
    286
  ]
}