{
  "scores": [
    -6.595,
    -6.341333333333332,
    -6.379600000000001,
    -6.600199999999999,
    -6.811,
    -7.088300000000001,
    -7.0622,
    -7.150200000000001,
    -7.3167,
    -7.1903999999999995,
    -7.405900000000001,
    -7.540299999999999,
    -7.651599999999999,
    -7.5635,
    -7.683099999999999,
    -7.707299999999999,
    -7.4688,
    -7.934900000000001,
    -7.947000000000001,
    -7.985600000000001,
    -7.887099999999999,
    -7.927999999999999,
    -8.011700000000001,
    -8.0185,
    -8.085,
    -8.1142,
    -8.105100000000002,
    -8.1147,
    -8.1604,
    -8.0806
  ],
  "qeds": [
    0.6307722261623976,
    0.709184951356476,
    0.6707591532613202,
    0.6727303992654677,
    0.675876292509163,
    0.6588696198709567,
    0.6564028713051098,
    0.6909397713207652,
    0.731185973169126,
    0.704832100986758,
    0.6638190105267043,
    0.7197302963912577,
    0.706177934617892,
    0.6982849380793831,
    0.700869453916558,
    0.6851928212590689,
    0.6534888226822777,
    0.6517133871075169,
    0.639717736969251,
    0.6549938727950038,
    0.6580391247238362,
    0.6460369479304566,
    0.6567513986947842,
    0.6646486611200906,
    0.6529123490026822,
    0.6613024795841477,
    0.625739418450441,
    0.6202922120339881,
    0.6079770386680632,
    0.6051412765255153
  ],
  "sas": [
    1.647206889532864,
    2.3531618973821575,
    2.253101012609787,
    2.2197772706945598,
    2.278198000857073,
    2.4254811137827987,
    2.3752790695511785,
    2.5462644993806287,
    2.7269936152313408,
    2.4565842750643285,
    2.5848101538041535,
    2.6831112176272383,
    2.524239857166755,
    2.7101206536392626,
    2.6194727209854785,
    2.3453350877245,
    2.203969205906577,
    2.204767844319357,
    2.292094437817286,
    2.2468212216211167,
    2.3116815220609537,
    2.2438609128864293,
    2.388679836563724,
    2.419588960540655,
    2.3820709418154444,
    2.500579864892367,
    2.391356140553479,
    2.3351095085284386,
    2.4077250821131684,
    2.318265661283565
  ],
  "sims": [
    1.0,
    0.5941199197493797,
    0.41555810285284356,
    0.3601031281053895,
    0.310379394361921,
    0.1761744379514065,
    0.1927095874550963,
    0.2057442940284126,
    0.18025132642711936,
    0.1705207010975332,
    0.20030277429211846,
    0.18444866285400563,
    0.1954047823291461,
    0.20121519950759983,
    0.19275522953918084,
    0.2315683856432207,
    0.23905899970537076,
    0.2547020081354169,
    0.23809851404911359,
    0.23917636378992196,
    0.2727638577023504,
    0.2705531996138841,
    0.3005499257415996,
    0.29085539802202737,
    0.2899473335380112,
    0.283989415855469,
    0.28114054329371857,
    0.29097594970485063,
    0.2754035728599911,
    0.33592205783182877
  ],
  "times": [
    2,
    1,
    18,
    45,
    92,
    143,
    148,
    145,
    144,
    145,
    144,
    144,
    140,
    149,
    154,
    154,
    149,
    145,
    204,
    140,
    140,
    149,
    140,
    143,
    135,
    137,
    143,
    145,
    143,
    149
  ]
}