{
  "scores": [
    -6.595,
    -6.2876666666666665,
    -6.2261999999999995,
    -7.119900000000001,
    -7.080299999999999,
    -7.329600000000001,
    -7.390300000000001,
    -7.503,
    -7.933599999999998,
    -7.8586,
    -7.8134,
    -7.819599999999999,
    -7.819600000000001,
    -8.0366,
    -7.961299999999999,
    -7.8857,
    -7.9059,
    -7.8869,
    -8.0235,
    -8.0394,
    -8.075000000000001,
    -8.0101,
    -8.0236,
    -8.0655,
    -8.1299,
    -8.1959,
    -7.9836,
    -8.0327,
    -8.0975,
    -8.058300000000001
  ],
  "qeds": [
    0.6307722261623976,
    0.6924185491290289,
    0.6764239440786097,
    0.7119183588128387,
    0.6919731209889206,
    0.7310291248305195,
    0.6940787981185033,
    0.6351727907096528,
    0.6745311445549766,
    0.6774713605851526,
    0.6509434597973642,
    0.6425750907350156,
    0.647882606967815,
    0.6697162412748608,
    0.6575362945539844,
    0.6606511087245249,
    0.6218867124590275,
    0.6399524473631104,
    0.624833454854553,
    0.6211825442943382,
    0.6354142425093403,
    0.6426276085052629,
    0.643608285171678,
    0.679861587951055,
    0.6841618648256473,
    0.683899622100886,
    0.6515033339118299,
    0.6387806657302714,
    0.651274097192915,
    0.6531216087086558
  ],
  "sas": [
    1.647206889532864,
    2.1803807356867106,
    2.2516451221001264,
    2.2549991119677153,
    2.2999930061527345,
    2.346212116652578,
    2.434230862263875,
    2.4186682828999926,
    2.2440855765737346,
    2.4258999417730243,
    2.275843443629391,
    2.2377186200174917,
    2.2565881913464008,
    2.2731326276714072,
    2.4331466572654556,
    2.3255310955653075,
    2.176332349573147,
    2.2571358880346857,
    2.233746788569662,
    2.267111922999721,
    2.3308911182035446,
    2.3351480412804677,
    2.3256376177822027,
    2.5106711390258405,
    2.6615065027910534,
    2.6283943264308283,
    2.4561349525721505,
    2.3369545821906748,
    2.331106889882983,
    2.3698382744983677
  ],
  "sims": [
    1.0,
    0.6877001871798959,
    0.40430159881356503,
    0.27281797593632007,
    0.26437793802449944,
    0.21253343622354887,
    0.21947258993103785,
    0.2522267978794316,
    0.26742569334709115,
    0.2727506801352658,
    0.2820894915590215,
    0.2748571374167421,
    0.2808763110782003,
    0.2679783670035775,
    0.2634789389525415,
    0.2610781818437954,
    0.29002374141590725,
    0.29754904361112605,
    0.32180051886809763,
    0.31665054371721396,
    0.2893536505566772,
    0.28654220267715197,
    0.27330524787737753,
    0.22138528989621625,
    0.22389460317480464,
    0.2163118691723839,
    0.24882588470142036,
    0.29618524605757274,
    0.2837401250242889,
    0.25518193188175875
  ],
  "times": [
    1,
    10,
    16,
    40,
    97,
    143,
    141,
    145,
    139,
    140,
    143,
    139,
    145,
    229,
    138,
    140,
    143,
    181,
    213,
    243,
    168,
    162,
    211,
    225,
    191,
    145,
    141,
    144,
    152,
    150
  ]
}