{
  "scores": [
    -6.30775,
    -6.5242,
    -6.8484,
    -7.442,
    -7.422500000000001,
    -7.6293999999999995,
    -7.7363,
    -7.750399999999999,
    -7.690299999999999,
    -7.553,
    -7.6808,
    -7.717599999999999,
    -7.660299999999999,
    -7.6258,
    -7.7136999999999984,
    -7.8401,
    -7.913500000000001,
    -7.932,
    -7.8912,
    -7.886900000000002,
    -7.9639,
    -7.986399999999999,
    -8.1916,
    -8.109800000000002,
    -8.064300000000001,
    -8.0657,
    -8.0938,
    -8.1811,
    -8.2163,
    -8.2257
  ],
  "qeds": [
    0.6761331636707609,
    0.684918704945013,
    0.6769489194574984,
    0.7043493140516285,
    0.6794345725812948,
    0.6566928449493956,
    0.6482582261991898,
    0.6763537149001573,
    0.6469741484886768,
    0.6633341891415415,
    0.667124307604695,
    0.6823228477213915,
    0.6229881498546936,
    0.6080255818437513,
    0.6355038078794366,
    0.651849316342296,
    0.6670243564104977,
    0.6808286924783767,
    0.6994949601486302,
    0.6636975331782139,
    0.6518374480520862,
    0.6516338969856326,
    0.6508520937874757,
    0.665930544596753,
    0.668595420103798,
    0.6774847351238581,
    0.6507802803344777,
    0.6930967690210019,
    0.6815264447212599,
    0.6787224282716603
  ],
  "sas": [
    2.0826088895328643,
    2.3959493290933036,
    2.3842775891289465,
    2.6069623044214176,
    2.6329444560935626,
    2.4866776591960877,
    2.461413285352606,
    2.5754466321489558,
    2.5316700754943655,
    2.5390897089793407,
    2.542731189254094,
    2.4869139600266097,
    2.6194753964435877,
    2.657304999917806,
    2.802631407826456,
    2.6417252726234866,
    2.5123286238402773,
    2.6273503779944027,
    2.610297813550487,
    2.6155480808201483,
    2.5600057346663023,
    2.5036813779944023,
    2.612928870302094,
    2.5863071472251713,
    2.6949534395328643,
    2.6246069703020947,
    2.6121412779944024,
    2.678387012609787,
    2.6173146741482483,
    2.593336989532864
  ],
  "sims": [
    0.5104940459355288,
    0.31267238722349555,
    0.29369694693476767,
    0.18155550782198088,
    0.19089902900986958,
    0.1896116242777104,
    0.21149240020955862,
    0.18715092693235288,
    0.17191225094870882,
    0.21082615667832888,
    0.19040518916223034,
    0.18083660488634395,
    0.18442984371323662,
    0.19261760295289457,
    0.18910715357081426,
    0.18791895600116226,
    0.23932155710120076,
    0.27288326123566276,
    0.2640951982777807,
    0.2512911150188569,
    0.2832736551651009,
    0.29964729947972046,
    0.29396717567344344,
    0.2721940824926086,
    0.2696037446619966,
    0.2506793385757436,
    0.30596986414177707,
    0.2801091563121968,
    0.3005587403363226,
    0.31469165635717083
  ],
  "times": [
    1,
    19,
    73,
    103,
    154,
    166,
    169,
    165,
    166,
    163,
    162,
    155,
    165,
    171,
    173,
    168,
    243,
    173,
    174,
    167,
    165,
    182,
    166,
    164,
    173,
    163,
    155,
    160,
    154,
    172
  ]
}