{
  "scores": [
    -6.1114999999999995,
    -6.02125,
    -6.292699999999999,
    -6.3762,
    -6.5401,
    -6.6686000000000005,
    -6.6666,
    -6.9601,
    -7.086,
    -6.9944999999999995,
    -7.504300000000001,
    -7.5304,
    -7.525800000000001,
    -7.499600000000001,
    -7.4604,
    -7.726699999999999,
    -7.413600000000001,
    -7.570500000000001,
    -7.6160999999999985,
    -7.7811,
    -7.912400000000001,
    -7.8444,
    -7.885,
    -7.916699999999999,
    -7.729000000000001,
    -7.6086,
    -7.7993,
    -7.6453999999999995,
    -7.8449,
    -7.8762
  ],
  "qeds": [
    0.6337295613466731,
    0.7066989966122229,
    0.7199705856580787,
    0.7366336838528247,
    0.7050797540322801,
    0.7252898839703925,
    0.7412682917228287,
    0.7541255617476776,
    0.7560756338215602,
    0.7336754493207961,
    0.7228880960931668,
    0.7311624039471157,
    0.7081873262749351,
    0.7500785797037908,
    0.6957574979588849,
    0.7267577449560341,
    0.6939876735927164,
    0.6893112934974122,
    0.7060812818695429,
    0.6508403114008521,
    0.6514413765601833,
    0.6551300686641487,
    0.667917210449433,
    0.6325710845695038,
    0.7630818721894815,
    0.7288789838147317,
    0.6949432585655873,
    0.7283355714219204,
    0.7054503285832538,
    0.7063487828285407
  ],
  "sas": [
    1.7806464279944016,
    2.225067810358392,
    2.325583072924867,
    2.5037228774569567,
    2.5243472765575814,
    2.472773310317343,
    2.5730607094879985,
    2.5093550616940106,
    2.6047501850664116,
    2.5648077941628733,
    2.5492697347116517,
    2.5964032862662,
    2.7239422930946207,
    2.6166331136402388,
    2.7651905740773906,
    2.9093252517829775,
    2.7075918506906373,
    2.634414891879417,
    2.6328534648013777,
    2.6693812341493603,
    2.68977539662414,
    2.6617242126544967,
    2.610558127639126,
    2.7039156582348434,
    2.592038806556025,
    2.6211867098128883,
    2.6518241478034343,
    2.5570935853025145,
    2.692794234632519,
    2.6765349404955883
  ],
  "sims": [
    0.8810264385692068,
    0.5014434454370378,
    0.33414766363729403,
    0.16925127915083232,
    0.25735214929586075,
    0.2935683012744669,
    0.24973529148660373,
    0.17645841943522822,
    0.14997766120093786,
    0.1938928412384136,
    0.17769548001306606,
    0.2170646034382894,
    0.208249423840205,
    0.22479302242847435,
    0.24730386167617224,
    0.21289218100557689,
    0.18627658397332109,
    0.2024188845881117,
    0.22413501642618222,
    0.21120147709423726,
    0.23210566076628442,
    0.2562645444580448,
    0.24927989707115966,
    0.23404600405951648,
    0.21075113860942926,
    0.22645625164160932,
    0.21449410259744095,
    0.22371063856037962,
    0.21380288818138263,
    0.22309607818168367
  ],
  "times": [
    2,
    14,
    54,
    180,
    286,
    533,
    648,
    615,
    690,
    683,
    649,
    537,
    578,
    608,
    601,
    635,
    702,
    707,
    671,
    649,
    623,
    789,
    671,
    781,
    881,
    733,
    892,
    779,
    956,
    955
  ]
}