{
  "scores": [
    -6.123749999999999,
    -6.2294,
    -6.7169,
    -7.0321,
    -7.371900000000001,
    -7.269999999999999,
    -7.4211,
    -7.6021,
    -7.6196,
    -7.587499999999999,
    -7.785000000000001,
    -7.7384,
    -7.8101,
    -7.924699999999999,
    -7.928399999999999,
    -7.9285999999999985,
    -8.0149,
    -8.015699999999999,
    -8.0507,
    -7.998100000000001,
    -8.0034,
    -8.0432,
    -8.0709,
    -8.0104,
    -8.0983,
    -8.096099999999998,
    -8.1585,
    -8.0315,
    -8.055,
    -8.0384
  ],
  "qeds": [
    0.7136809702766757,
    0.7242688844355294,
    0.6845674326505937,
    0.6941767986754719,
    0.695682706114786,
    0.6826468531168368,
    0.7282338152514463,
    0.7168375513405697,
    0.6945794154813981,
    0.6842302757649721,
    0.7053996941098808,
    0.6836425965213466,
    0.6774663268764688,
    0.6760461622688398,
    0.6977494979710291,
    0.6705444630463436,
    0.6966841715266339,
    0.6764872639900121,
    0.7011162946057642,
    0.6673566108166871,
    0.6654010379803579,
    0.6855343161808909,
    0.7161455388207696,
    0.6832743979657131,
    0.691109603954662,
    0.7042717066749867,
    0.7003788522463156,
    0.7041841045904335,
    0.6658122771323691,
    0.6603395354787407
  ],
  "sas": [
    2.2163475480573704,
    2.3294092902017063,
    2.2481429322356608,
    2.607024156758039,
    2.4375802636647967,
    2.354340687193261,
    2.460373355253232,
    2.5821635719411504,
    2.523036181724021,
    2.635682953452913,
    2.62267756192455,
    2.6639680899002243,
    2.606325447687918,
    2.741133863072533,
    2.7402567574995347,
    2.744569732189197,
    2.6665531314140636,
    2.661891823721756,
    2.680490946798679,
    2.7046693361494563,
    2.6831495121832942,
    2.827509629557805,
    2.834461437250112,
    2.7066644493889456,
    2.7499818852602176,
    2.7132635467986788,
    2.788585654490986,
    2.839866837250112,
    2.73603250833714,
    2.764969737850484
  ],
  "sims": [
    0.44279687511684174,
    0.3246570578266738,
    0.2723129561123985,
    0.20392934127693416,
    0.24890405636907245,
    0.25693160946746596,
    0.24035748179610042,
    0.22448872684639043,
    0.2599677042506215,
    0.29192048321151176,
    0.2619791343478296,
    0.2608799901470468,
    0.2941983899502788,
    0.2718073247204761,
    0.27047521578315625,
    0.27907128772604317,
    0.3085213799325416,
    0.29195491429615517,
    0.2857731860137879,
    0.28470363729566733,
    0.2682095968378831,
    0.2657036827435576,
    0.2576626756753877,
    0.26758455803487813,
    0.2631681003239369,
    0.2642186030023239,
    0.27169538096360046,
    0.26219225777068733,
    0.2623825424411831,
    0.267769471655991
  ],
  "times": [
    1,
    19,
    42,
    75,
    142,
    138,
    144,
    155,
    156,
    155,
    160,
    155,
    143,
    139,
    144,
    154,
    153,
    145,
    143,
    145,
    146,
    144,
    145,
    152,
    144,
    145,
    140,
    142,
    144,
    140
  ]
}