{
  "scores": [
    -6.680666666666667,
    -6.453222222222222,
    -6.7917000000000005,
    -7.243899999999999,
    -7.4861,
    -7.5093000000000005,
    -7.5806,
    -7.467999999999999,
    -7.6501,
    -7.878600000000001,
    -7.8625,
    -7.974300000000001,
    -8.0869,
    -7.9586000000000015,
    -8.030899999999999,
    -8.103800000000001,
    -8.199000000000002,
    -8.2178,
    -8.4262,
    -8.447500000000002,
    -8.3804,
    -8.279300000000001,
    -8.4834,
    -8.562899999999999,
    -8.500399999999999,
    -8.405399999999998,
    -8.4048,
    -8.382499999999999,
    -8.4654,
    -8.3517
  ],
  "qeds": [
    0.7295381466962283,
    0.7335314631574256,
    0.7103754957674508,
    0.7214140408385632,
    0.7006636007587848,
    0.6929876503617604,
    0.7290687831258124,
    0.6843537628609234,
    0.7237669070818474,
    0.7110833324439063,
    0.7554422877485794,
    0.7197245285905671,
    0.7134050946702258,
    0.7017824609512269,
    0.7114443387161742,
    0.7639339039405068,
    0.7291668811458077,
    0.7191742660234671,
    0.8118513089986432,
    0.8122978135417259,
    0.8198859062598967,
    0.8417477035184854,
    0.817639106968296,
    0.7706394418660677,
    0.78495451284714,
    0.8111587607200667,
    0.8098779552258867,
    0.8013901666028908,
    0.8144970026329332,
    0.8054165434188741
  ],
  "sas": [
    2.478345351071326,
    2.389941568815771,
    2.347336453479502,
    2.519594878935275,
    2.3542773907977605,
    2.384536068180977,
    2.6590637726835817,
    2.407427997571044,
    2.5027412060924528,
    2.4433959984423224,
    2.450015101153954,
    2.7345550820048454,
    2.7751372020052445,
    2.719738416341267,
    2.5639224785772434,
    2.532133636138429,
    2.5144328751170604,
    2.52868505260344,
    2.631214796094345,
    2.517790848161288,
    2.551088316687329,
    2.6691839426300144,
    2.7273777543947197,
    2.723409484492099,
    2.5895681465515823,
    2.4549025055259412,
    2.4119502255368546,
    2.568024991249499,
    2.9391941592795243,
    2.539942668975768
  ],
  "sims": [
    0.4878024211208633,
    0.33806438875464623,
    0.2987683816461258,
    0.24742919720884685,
    0.25307780350743037,
    0.24477215926102933,
    0.18977136139371636,
    0.24918138820108368,
    0.1962447426738615,
    0.18027539808765813,
    0.17501784889328814,
    0.1825585395634924,
    0.210571586129414,
    0.22291278853240853,
    0.2107806910283409,
    0.18530278981297726,
    0.18153199012371524,
    0.17748127128332963,
    0.15421575245463515,
    0.1560112572448702,
    0.1570215040895936,
    0.1579329622864208,
    0.15698689601271734,
    0.15053522031226013,
    0.155508797178124,
    0.1596984093272525,
    0.15619418220469408,
    0.1727314222108539,
    0.1776351769473174,
    0.17002365477906617
  ],
  "times": [
    1,
    15,
    38,
    73,
    154,
    147,
    229,
    153,
    144,
    151,
    169,
    171,
    171,
    158,
    155,
    156,
    155,
    161,
    164,
    159,
    167,
    157,
    152,
    155,
    158,
    167,
    162,
    181,
    161,
    154
  ]
}