{
  "scores": [
    -6.672,
    -6.7902000000000005,
    -7.1053000000000015,
    -7.3895,
    -7.537000000000001,
    -7.870100000000001,
    -7.971000000000001,
    -7.756399999999999,
    -8.045100000000001,
    -7.9868,
    -8.1736,
    -8.1324,
    -8.0284,
    -8.106100000000001,
    -8.227300000000001,
    -8.188500000000001,
    -8.1929,
    -8.3029,
    -8.111699999999999,
    -8.2368,
    -8.101099999999999,
    -8.0868,
    -8.2393,
    -8.296800000000001,
    -8.4113,
    -8.1399,
    -8.151700000000002,
    -8.287700000000001,
    -8.0973,
    -8.230999999999998
  ],
  "qeds": [
    0.6624054450072812,
    0.6844350749042282,
    0.6561536896126077,
    0.7107465841314868,
    0.6795296203767178,
    0.7163112065474075,
    0.7103632699947376,
    0.6676891692333341,
    0.713652466123855,
    0.7176135671906739,
    0.685642650387347,
    0.736288084211931,
    0.6990242710016337,
    0.6777884549481452,
    0.6845852200169913,
    0.6443851661350787,
    0.6664754476777742,
    0.6915989828831904,
    0.7367844700264093,
    0.7423439359733883,
    0.7422957304977217,
    0.7265729469064788,
    0.7023302454500777,
    0.7159619521961936,
    0.6686861635301566,
    0.6954335503493602,
    0.7406138813973214,
    0.7216826427417155,
    0.7017040546580884,
    0.7313936519380733
  ],
  "sas": [
    2.2539497806398128,
    2.3114330928317655,
    2.180552061863711,
    2.0922090172283587,
    2.41829616081697,
    2.6699484886689007,
    2.7026508442637036,
    2.3934416890402193,
    2.4771933233655403,
    2.4052695465615925,
    2.616378499484589,
    2.433827770479297,
    2.563080879685063,
    2.2711411984103194,
    2.3462807695848427,
    2.438091532688616,
    2.5039300409297067,
    2.715025244672512,
    2.3955401071614633,
    2.474899687868625,
    2.459806691534258,
    2.6115827479665557,
    2.6995840085847496,
    2.6393538468690942,
    2.687436346936187,
    2.456713991372891,
    2.470739528796238,
    2.512621241562674,
    2.388647404292423,
    2.482441207046921
  ],
  "sims": [
    0.6185023779166434,
    0.4539246058927951,
    0.2859944707984732,
    0.25128919567673685,
    0.2525335956765713,
    0.2389276024866987,
    0.25600410085524483,
    0.2609163722008859,
    0.23911335308591175,
    0.24560980030003465,
    0.1891349257369992,
    0.19433098873216287,
    0.21272061514130955,
    0.22201860493004272,
    0.2142330966984753,
    0.19021262803846356,
    0.20819009415613712,
    0.18029709258743573,
    0.23510120718374722,
    0.21385211954621983,
    0.24977186076704724,
    0.22701238377593622,
    0.19849638662618158,
    0.19630633125774266,
    0.19080353867202832,
    0.229058444311406,
    0.2291801116327544,
    0.19002933580860534,
    0.2345585972968395,
    0.2093625531359739
  ],
  "times": [
    1,
    31,
    54,
    93,
    146,
    164,
    157,
    153,
    152,
    145,
    146,
    140,
    145,
    157,
    156,
    153,
    148,
    145,
    137,
    143,
    138,
    146,
    157,
    141,
    148,
    139,
    146,
    142,
    140,
    148
  ]
}