{
  "scores": [
    -5.851999999999999,
    -5.7063,
    -6.139,
    -6.3086,
    -6.3254,
    -6.5483,
    -6.745699999999999,
    -6.7456000000000005,
    -6.7802999999999995,
    -6.8208,
    -6.9921999999999995,
    -6.9196,
    -6.9594,
    -6.8545,
    -6.8561000000000005,
    -6.741199999999999,
    -6.800400000000001,
    -6.8843000000000005,
    -6.936,
    -6.9848,
    -7.2,
    -7.2961,
    -7.4418999999999995,
    -7.515599999999999,
    -7.6367,
    -7.753500000000001,
    -7.673399999999999,
    -7.6947,
    -7.737699999999999,
    -7.6587000000000005
  ],
  "qeds": [
    0.6612965212532443,
    0.6750860565751099,
    0.6705912816944124,
    0.7150955836373604,
    0.747818516230666,
    0.7579622589175141,
    0.7432250696795037,
    0.7651353679790648,
    0.76547200305083,
    0.726020393537883,
    0.6468878035044067,
    0.7111013992002457,
    0.7023245921757559,
    0.7123639485954346,
    0.7775257198833014,
    0.8104534423069234,
    0.7689518409544058,
    0.7787071303802272,
    0.7508161850889524,
    0.7326745770577154,
    0.6837207939863176,
    0.5723908376003382,
    0.6204733439915857,
    0.6109838796429731,
    0.6219004399883411,
    0.6820642469589752,
    0.7088464531685652,
    0.6799848360393006,
    0.6418061570311163,
    0.68919652382499
  ],
  "sas": [
    1.9702706746256826,
    2.111326295565056,
    2.1323406613840366,
    2.429622196850055,
    2.4997230137080626,
    2.65234710819954,
    2.6764940478272385,
    2.4939079609785018,
    2.6546266034018458,
    2.5883945393916123,
    2.651105219750358,
    2.5104599978820885,
    2.429453029362235,
    2.586637261680066,
    2.7814958134024814,
    2.6541844437999353,
    2.522339387505659,
    2.445518018202997,
    2.5935601464322477,
    2.5360779603964616,
    2.3435886459882616,
    2.2437792924997075,
    2.282658177883614,
    2.1885508586791884,
    2.2074531747757633,
    2.1821212114803847,
    2.329506446204764,
    2.3044937931435387,
    2.35565243240839,
    2.287301536890413
  ],
  "sims": [
    0.6748357707107795,
    0.463634608705599,
    0.3933819807635085,
    0.3013023372679785,
    0.23109245851050644,
    0.20369985245190453,
    0.17554405798124725,
    0.15816377156980907,
    0.15889405411587587,
    0.1632035115344822,
    0.13422878404920272,
    0.15795396736757156,
    0.16249749185230372,
    0.1500390492241909,
    0.1470892836555174,
    0.14486141972677263,
    0.15028469141326634,
    0.16679059077368125,
    0.16015173671653318,
    0.16066967908413105,
    0.16925788793904573,
    0.15964034788871503,
    0.17266114616141998,
    0.16879563867545572,
    0.17111343383798544,
    0.16852826668111814,
    0.16920540423216215,
    0.167577135997757,
    0.16954192896511708,
    0.17026533609626746
  ],
  "times": [
    1,
    17,
    83,
    166,
    353,
    516,
    490,
    511,
    547,
    496,
    467,
    549,
    654,
    692,
    731,
    566,
    656,
    621,
    782,
    856,
    924,
    755,
    872,
    900,
    804,
    815,
    855,
    720,
    823,
    859
  ]
}