{
  "scores": [
    -6.189,
    -6.0548,
    -6.2847,
    -6.6211,
    -6.7346,
    -7.088600000000001,
    -7.0768,
    -7.2535,
    -7.455000000000001,
    -7.2448,
    -7.0958,
    -7.1208,
    -7.219800000000001,
    -7.0817000000000005,
    -7.1006,
    -7.112299999999999,
    -7.0954,
    -7.1668,
    -7.3907,
    -7.3887,
    -7.177200000000001,
    -7.2157,
    -7.1833,
    -7.2622,
    -7.3062,
    -7.369300000000001,
    -7.310599999999999,
    -7.309699999999999,
    -7.3187,
    -7.2682
  ],
  "qeds": [
    0.6531009882181001,
    0.6756835731177315,
    0.7124809465244578,
    0.7180185790330076,
    0.6877577801250082,
    0.615344426501059,
    0.6302464014098114,
    0.6456965314593222,
    0.7125673695358948,
    0.7072159056092401,
    0.689492307079784,
    0.7557431534354223,
    0.7208816666933737,
    0.6953122773528643,
    0.6437149732337379,
    0.6193084017402669,
    0.6176253331250716,
    0.6208407572956064,
    0.6088473628533131,
    0.6637165796475464,
    0.6066375524676457,
    0.663716212954382,
    0.7075271842976296,
    0.72862978318034,
    0.7662865991189161,
    0.8074299838062486,
    0.7674790079393821,
    0.7229144227475277,
    0.7556324354164766,
    0.6299160025836752
  ],
  "sas": [
    2.043814043379018,
    2.229404449999996,
    2.5710713469840822,
    2.652756678960915,
    2.7062946430686843,
    2.6498086828985468,
    2.697316009469202,
    2.7182966905395602,
    2.6572605041698636,
    2.5492670060155023,
    2.6834226669388057,
    2.6926828546553248,
    2.707061807599312,
    2.6134995751332526,
    2.641361227899811,
    2.6825552987245898,
    2.7263305447143074,
    2.692274266997458,
    2.7096391920697447,
    2.7405744630894704,
    2.824539914561325,
    2.7384268098675353,
    2.7684747553179276,
    2.741119305782016,
    2.7479566185811044,
    2.5952034800662114,
    2.7055268452368217,
    2.6864467071460525,
    2.63570354863029,
    2.7665536508036332
  ],
  "sims": [
    0.4893388595058334,
    0.3973369935223553,
    0.35875739761285147,
    0.28407203756746036,
    0.26228955167051743,
    0.21097911978510026,
    0.2542202693004441,
    0.16290172311235954,
    0.1528073574785466,
    0.17695366567980392,
    0.1792979997102209,
    0.18289230440228335,
    0.19632215718883658,
    0.1919461698089793,
    0.2278510840212588,
    0.24870618843508402,
    0.23503616961804155,
    0.17105652445607833,
    0.1788587488030483,
    0.15140872898775457,
    0.2285156003631353,
    0.23913538959712474,
    0.20320605334670563,
    0.25372251799939904,
    0.245553650549946,
    0.20721436162785944,
    0.24130688687944643,
    0.217052183187112,
    0.24057921879257668,
    0.2895633092993676
  ],
  "times": [
    6,
    22,
    202,
    600,
    944,
    1169,
    1042,
    1145,
    1147,
    1028,
    1007,
    1094,
    946,
    1013,
    1121,
    1222,
    1049,
    1109,
    1143,
    1008,
    905,
    796,
    1046,
    845,
    909,
    828,
    773,
    718,
    757,
    747
  ]
}