{
  "scores": [
    -6.343333333333333,
    -6.207599999999999,
    -7.1601,
    -7.3295,
    -7.5159,
    -7.457800000000001,
    -7.696900000000001,
    -7.713499999999999,
    -7.7875,
    -7.685300000000001,
    -7.8919,
    -7.873099999999999,
    -7.8795,
    -7.9337,
    -8.0749,
    -8.0594,
    -7.937299999999999,
    -7.9841,
    -7.889799999999999,
    -7.874199999999999,
    -8.0284,
    -8.192499999999999,
    -8.1326,
    -8.0839,
    -8.2622,
    -8.085600000000001,
    -8.1975,
    -8.184199999999999,
    -8.2379,
    -8.283999999999999
  ],
  "qeds": [
    0.6860894135136055,
    0.6758482493808562,
    0.697844053694525,
    0.6697979665199122,
    0.710539206181793,
    0.7122160558136235,
    0.6585155786464227,
    0.7054806834497022,
    0.7340853517089709,
    0.7367477420020001,
    0.7560931166955966,
    0.7523456531388227,
    0.723335681438497,
    0.7412809194083178,
    0.7646867455562931,
    0.7539920930803319,
    0.7162344456693214,
    0.7029719102264417,
    0.7114407050999549,
    0.6982350548015972,
    0.678467642301135,
    0.7200011130552711,
    0.7182225836670468,
    0.7281100706334128,
    0.7189908670115271,
    0.7473208392283252,
    0.712847563204311,
    0.6995092711213833,
    0.6941783113200862,
    0.6797123430921446
  ],
  "sas": [
    1.9800924437790453,
    2.278115718313624,
    2.405919461793872,
    2.454387664510196,
    2.5754220534230794,
    2.5218526332094156,
    2.4307548935606005,
    2.43207181022104,
    2.7008438301192434,
    2.4514213076393725,
    2.4607920670622363,
    2.380956602687747,
    2.494020321936179,
    2.643652825070512,
    2.541294222480016,
    2.5826421020926587,
    2.673567530140953,
    2.7184150855883003,
    2.7767657557968564,
    2.6231018229013428,
    2.4933160015701716,
    2.512546764674564,
    2.682988411008124,
    2.7115882880578264,
    2.731994928708721,
    2.75785495282854,
    2.8210009312722977,
    2.827318252656011,
    2.8009531929413507,
    2.653420082908982
  ],
  "sims": [
    0.47771043788009915,
    0.254749431994654,
    0.27023978724364994,
    0.22981327780083446,
    0.19520023750000312,
    0.21199011739384305,
    0.18707177821720183,
    0.1730932432094691,
    0.16854401207420003,
    0.18377050086504787,
    0.1923230167997117,
    0.18601127889263336,
    0.20486009924684662,
    0.2054157871084638,
    0.1801285770533086,
    0.17166778942177383,
    0.18904437003547364,
    0.18634218499712646,
    0.20953456418812536,
    0.22149994261331596,
    0.24947209085493918,
    0.24369459051997486,
    0.23240570506952155,
    0.24047926460658148,
    0.21430116563611334,
    0.20340602625682655,
    0.21263528623607186,
    0.24605295371785144,
    0.22163194688688992,
    0.2451584335850942
  ],
  "times": [
    1,
    16,
    39,
    64,
    116,
    159,
    154,
    286,
    155,
    162,
    170,
    156,
    151,
    160,
    154,
    149,
    148,
    149,
    157,
    144,
    147,
    156,
    154,
    148,
    157,
    154,
    155,
    149,
    141,
    156
  ]
}