{
  "scores": [
    -6.172750000000001,
    -6.369000000000001,
    -6.833500000000001,
    -7.1024,
    -7.386700000000002,
    -7.6587000000000005,
    -7.658200000000001,
    -7.8509,
    -7.7966999999999995,
    -7.807100000000001,
    -7.996600000000001,
    -7.9609000000000005,
    -7.9124,
    -7.873499999999998,
    -7.873899999999999,
    -7.9833,
    -7.865,
    -7.908500000000001,
    -8.0034,
    -7.910700000000001,
    -8.0111,
    -7.831499999999998,
    -7.899499999999999,
    -7.9921999999999995,
    -8.054300000000001,
    -8.1949,
    -8.0953,
    -8.044599999999999,
    -8.1685,
    -8.129500000000002
  ],
  "qeds": [
    0.665856780260165,
    0.6881460057741333,
    0.6299200698321845,
    0.6505369361457018,
    0.6879634735724247,
    0.6923451588462016,
    0.6320807985956348,
    0.6842220625932403,
    0.6578415871827263,
    0.6497455007656158,
    0.6321090205221132,
    0.65225845543971,
    0.6451676378030482,
    0.6620527892333588,
    0.6501519103483708,
    0.6782326766740849,
    0.6557624448372336,
    0.6383066765285643,
    0.6758879368004425,
    0.6510700930039438,
    0.6721583639831212,
    0.6532912143013256,
    0.6593553219432737,
    0.6724359729446856,
    0.6636009052588518,
    0.7265610482265987,
    0.7040838585818125,
    0.6636324177253569,
    0.687553356506631,
    0.6644200260523668
  ],
  "sas": [
    1.9845498833443656,
    2.2872069446894003,
    2.3870165887929007,
    2.3074892961016635,
    2.692967429004257,
    2.6779723193575484,
    2.5458487299318153,
    2.4220864240955855,
    2.276049292142255,
    2.310816365284429,
    2.2291453323774775,
    2.2421152065754466,
    2.1354849270847276,
    2.2930579562989513,
    2.1597955251445624,
    2.400638524244555,
    2.213543278751518,
    2.205279565257398,
    2.5582225782247194,
    2.3850116975414934,
    2.4693457675234005,
    2.406132454304692,
    2.329165578224719,
    2.3262734983141136,
    2.314381388424003,
    2.674141655464439,
    2.6370439089659414,
    2.3233425017241878,
    2.4574243695411795,
    2.390678503943196
  ],
  "sims": [
    0.5826049851618964,
    0.40733618145123707,
    0.40250323670215604,
    0.2591748913765382,
    0.22308284910694015,
    0.21951255321594898,
    0.19726007799776962,
    0.19582101883996894,
    0.2677200845982404,
    0.2704636860260725,
    0.2967880321654053,
    0.2653822536125127,
    0.26878291421029726,
    0.26388143774050044,
    0.2719377550209177,
    0.2672249687684153,
    0.24887743805554102,
    0.3019458923668902,
    0.31502777911057134,
    0.27639137763892047,
    0.31428861361122146,
    0.2941091641658579,
    0.3217798674417431,
    0.2468654587287073,
    0.26899134985397183,
    0.21456973689761455,
    0.24507570410803042,
    0.28360926599131603,
    0.22426729049292557,
    0.31007404807378774
  ],
  "times": [
    10,
    18,
    49,
    91,
    150,
    158,
    144,
    147,
    148,
    142,
    149,
    163,
    150,
    147,
    219,
    152,
    148,
    145,
    148,
    155,
    158,
    147,
    146,
    145,
    150,
    153,
    152,
    235,
    172,
    155
  ]
}