{
  "scores": [
    -6.595,
    -6.563,
    -6.5518,
    -6.813799999999999,
    -7.0191,
    -7.024500000000001,
    -7.1667000000000005,
    -7.3793999999999995,
    -7.387300000000001,
    -7.5973,
    -7.524900000000001,
    -7.646300000000001,
    -7.735199999999999,
    -7.842599999999999,
    -7.708799999999999,
    -7.853999999999999,
    -7.876099999999999,
    -7.832299999999999,
    -7.906199999999998,
    -7.949600000000001,
    -8.121799999999999,
    -8.112199999999998,
    -8.115,
    -8.011899999999999,
    -8.2674,
    -8.4283,
    -8.568000000000001,
    -8.386,
    -8.3871,
    -8.343
  ],
  "qeds": [
    0.6307722261623976,
    0.6467139379293726,
    0.6643404633623694,
    0.65572358384816,
    0.671793323014256,
    0.6954566488476136,
    0.7018493594530433,
    0.7094830890396702,
    0.6721202303791896,
    0.7168941878324666,
    0.7132085922687207,
    0.7447882584382528,
    0.6998957420353651,
    0.7141342752106279,
    0.7130030270898898,
    0.6620756759421116,
    0.6679336334083174,
    0.6452268844640624,
    0.6781403309921781,
    0.647540972628989,
    0.6291950918024528,
    0.6655767303430871,
    0.6317984115902341,
    0.641114707452237,
    0.6495377444970627,
    0.6427269367143141,
    0.6717397605938833,
    0.6543515614046709,
    0.6444706356906078,
    0.6396632929945065
  ],
  "sas": [
    1.647206889532864,
    2.1090344248546846,
    2.465446526581529,
    2.566205576729787,
    2.3881224978851123,
    2.3972457224928654,
    2.3489460492585974,
    2.3602298959935197,
    2.524882943801273,
    2.373942575865911,
    2.3281226299972504,
    2.5431334492342943,
    2.3766980277599687,
    2.543402065679505,
    2.44243049113706,
    2.369778308151049,
    2.2642367384406747,
    2.468304673230498,
    2.4848608219195008,
    2.2312997938394448,
    2.32210029338692,
    2.542501492316107,
    2.2942862078143116,
    2.3459171109738968,
    2.4580578438411025,
    2.5687246884561135,
    2.7329260564829867,
    2.483994123016032,
    2.4206891309550116,
    2.4090712848011657
  ],
  "sims": [
    1.0,
    0.6573847907506921,
    0.4676833122192524,
    0.334783254858755,
    0.3088317582715094,
    0.3061028909989169,
    0.2369956578857296,
    0.23468137580437673,
    0.18263288625143917,
    0.21147832268154057,
    0.22593186757923248,
    0.205169866814701,
    0.22919836138419636,
    0.20995469558785823,
    0.20784528732702112,
    0.25643811209898115,
    0.24874121562089493,
    0.30066579630596685,
    0.27113579951555733,
    0.3416189336428795,
    0.331062240896087,
    0.27073214222316416,
    0.33385785471153756,
    0.32723423081689584,
    0.2905382030008458,
    0.31479791359783726,
    0.2448365011475988,
    0.29660337817805515,
    0.32213829442880665,
    0.3145526546509463
  ],
  "times": [
    2,
    2,
    15,
    45,
    100,
    149,
    145,
    168,
    159,
    163,
    159,
    162,
    155,
    154,
    170,
    165,
    161,
    156,
    234,
    165,
    155,
    148,
    151,
    164,
    159,
    156,
    163,
    229,
    156,
    153
  ]
}